{
  "longterm_describe_table": [
    {
      "name": "クリシェ",
      "translation": "克莉榭",
      "describes": [
        {
          "id": 1,
          "title": "頭のおかしな少女",
          "describe": "\n\n银发紫眸的绝美少女，被猎户收养后通过精湛厨艺赢得村民好评，实则将料理作为合理化暴食欲望的工具。具有将杀戮与烹饪等同视之的异常认知，表面维持着模范养女的伪装，通过利害计算维系人际关系，其温柔举止本质是维持生存环境的策略性行为。展现出通过视觉观察即可完美复现复杂技艺的超常学习能力，潜藏着与优雅外表不符的魔力驱动型暴食体质。在养母格蕾丝面前会显露出丰富的情感波动，但对抽象概念与情感隐喻存在认知障碍，难以理解常人情感本质。名字源自古语中象征残缺之月的\"克莉榭\"，秉持极端功利主义思维模式，以损益平衡作为人际交往准则，能精准模拟正常人的情感反应却缺乏共情基础。将食欲与杀戮本能隐藏在贤淑表象之下，对收养家庭怀有基于生存依赖的类亲情联结，所有行为皆建立在对环境利益最大化的精密计算之上。"
        }
      ]
    }
  ],
  "translation_table": [
    {
      "name": "クリシェ",
      "translation": "克莉榭",
      "describe": "银发紫眸的绝美少女，被猎户收养后通过精湛厨艺赢得村民好评，具有将杀戮与烹饪等同视之的异常认知，表面维持着模范养女的伪装，实则通过利害计算维系人际关系，其温柔举止本质是维持生存环境的策略性行为，展现出通过视觉观察即可完美复现复杂技艺的超常学习能力，潜藏着与优雅外表不符的魔力驱动型暴食体质，唯独在养母格蕾丝面前会展露丰富的情感波动，对抽象概念与情感隐喻存在认知障碍，其名字来源于古语中象征残缺之月的\"克莉榭\"，具备极端功利主义思维模式，以损益平衡作为人际交往准则，能够模拟正常人情感反应但缺乏共情基础。",
      "appearances": [
        "頭のおかしな少女",
        "少女の日常",
        "賊"
      ],
      "locked_describe": "本作主人公",
      "longterm_describe": "\n\n银发紫眸的绝美少女，被猎户收养后通过精湛厨艺赢得村民好评，实则将料理作为合理化暴食欲望的工具。具有将杀戮与烹饪等同视之的异常认知，表面维持着模范养女的伪装，通过利害计算维系人际关系，其温柔举止本质是维持生存环境的策略性行为。展现出通过视觉观察即可完美复现复杂技艺的超常学习能力，潜藏着与优雅外表不符的魔力驱动型暴食体质。在养母格蕾丝面前会显露出丰富的情感波动，但对抽象概念与情感隐喻存在认知障碍，难以理解常人情感本质。名字源自古语中象征残缺之月的\"克莉榭\"，秉持极端功利主义思维模式，以损益平衡作为人际交往准则，能精准模拟正常人的情感反应却缺乏共情基础。将食欲与杀戮本能隐藏在贤淑表象之下，对收养家庭怀有基于生存依赖的类亲情联结，所有行为皆建立在对环境利益最大化的精密计算之上。"
    },
    {
      "name": "ガロ",
      "translation": "加罗",
      "describe": "退役士兵/村自卫团教官，邋遢粗野的中年男性，长期以指导为名对克莉榭进行性骚扰",
      "appearances": [
        "頭のおかしな少女",
        "少女の日常"
      ]
    },
    {
      "name": "自警団",
      "translation": "自卫团",
      "describe": "村庄自发组织的武装团体，负责安保与训练工作",
      "appearances": [
        "頭のおかしな少女",
        "少女の日常",
        "賊"
      ]
    },
    {
      "name": "少女の望まぬ英雄譚",
      "translation": "少女所不期望的英雄史诗",
      "describe": "本作书名",
      "appearances": [
        "頭のおかしな少女"
      ]
    },
    {
      "name": "カルカの村",
      "translation": "卡尔卡村",
      "describe": "位于边陲地区的聚落，经济支柱为岩盐开采与狩猎活动，具有典型的自给自足型社会结构",
      "appearances": [
        "頭のおかしな少女",
        "少女の日常"
      ]
    },
    {
      "name": "グレイス",
      "translation": "格蕾丝",
      "describe": "克莉榭的养母，村中第一美人，性格温柔善于包容，以耐心引导养女的异常特质，擅长通过肢体接触传递母爱，能精准把握克莉榭的情感开关，具有将生活仪式赋予魔法寓意的浪漫情怀，用弦月为养女命名寄托着对非人少女获得人性情感的期许",
      "appearances": [
        "頭のおかしな少女",
        "少女の日常",
        "賊"
      ]
    },
    {
      "name": "ゴルカ",
      "translation": "戈尔卡",
      "describe": "克莉榭的养父，蓄络腮胡的高瘦猎手，村中年轻一代猎人领袖，与导师加仑组成固定狩猎搭档，威严气质下隐藏着对家庭表象的维护，因发现养女异常才能而产生认知动摇",
      "appearances": [
        "頭のおかしな少女",
        "少女の日常",
        "賊"
      ]
    },
    {
      "name": "おじいさま",
      "translation": "祖父",
      "describe": "与戈尔卡同行的年长男性，具体身份未明",
      "appearances": [
        "少女の日常"
      ]
    },
    {
      "name": "魔力",
      "translation": "魔力",
      "describe": "无形能量体，克莉榭通过意念操控用以增强身体机能，其感知形态被描述为\"绵软之物\"，在狩猎中实现远超肉体极限的精准操作",
      "appearances": [
        "少女の日常",
        "賊",
        "頭のおかしな少女"
      ]
    },
    {
      "name": "ガーレン",
      "translation": "加仑",
      "describe": "克莉榭的祖父，格蕾丝之父，斑白乱发的退役老兵，曾七度从军晋升至百夫长，外表冷峻但对孙女极度溺爱",
      "appearances": [
        "少女の日常",
        "賊"
      ]
    },
    {
      "name": "百人隊長",
      "translation": "百夫长",
      "describe": "古罗马军队基层指挥官职称，文中借指加仑在军旅生涯中达到的最高职位",
      "appearances": [
        "少女の日常",
        "賊"
      ]
    },
    {
      "name": "魔獣",
      "translation": "魔兽",
      "describe": "栖息在森林深处的危险生物，具有超自然力量，常作为民间传说中的威胁存在",
      "appearances": [
        "少女の日常"
      ]
    },
    {
      "name": "香草",
      "translation": "香草",
      "describe": "猎人家庭常用的天然调味料，通常为干燥的百里香与迷迭香混合物，用于去除野味腥膻",
      "appearances": [
        "少女の日常"
      ]
    },
    {
      "name": "ザール",
      "type": "Character",
      "translation": "扎尔",
      "describe": "退伍老兵，曾在军中担任新兵教官，修习实战派战场剑术，现为村中自卫团剑术指导，实力仅次于百夫长加仑",
      "appearances": [
        "賊"
      ]
    },
    {
      "name": "木剣",
      "type": "Proper noun",
      "translation": "木剑",
      "describe": "训练用木质兵器，通过布条缠绕增加缓冲，用于模拟实战又不致重伤",
      "appearances": [
        "賊"
      ]
    }
  ]
}