{
  "record": [
    {
      "range": "30",
      "type": "translating",
      "status": "written",
      "translate": {
        "1": "脑袋有点问题的少女",
        "2": "在这片人迹罕至的森林中，站着一名中年男子与一位少女。",
        "3": "男子穿着不知多久未换洗的肮脏衬衫与长裤，当他抓挠蓬乱的须发时，头屑如同雪花般簌簌飘落。",
        "4": "这近似于野生兽类的男人正挂着禽兽般下流的笑容，直勾勾地打量着少女。",
        "5": "\"嘿，小妹妹主动约我说话？要说什么事儿啊？\"",
        "6": "少女与邋遢男子形成了极致的反差。",
        "7": "垂至腰际的银发流淌着月光般的光泽，纤长睫毛勾勒出的紫罗兰色眼眸，",
        "8": "高挺秀气的鼻梁，樱花色的唇瓣，",
        "9": "精致五官在小巧脸庞上完美组合，陶瓷般细腻的雪白肌肤透出莹润光泽。",
        "10": "粗麻制成的罩袍毫无装饰，在这远离都市的村庄本是寒酸至极的装束，",
        "11": "但穿在她身上却丝毫不显窘迫，",
        "12": "反倒成了衬托这份纯真之美的天然配饰。",
        "13": "只需存在便能吸引所有视线的少女——克莉榭面无表情地仰视着眼前的男人。",
        "14": "\"......请停止触碰克莉榭的身体。\"",
        "15": "面对淫邪目光的注视，少女只是平静地提出要求。",
        "16": "名为加罗的男子闻言露出错愕神情，随即加深了扭曲的笑容。",
        "17": "虽然少女偶尔会流露厌恶之色，但如此直白抗议尚属首次。",
        "18": "\"不就是摸两下屁股嘛，又不会少块肉，你也太较真了。\"",
        "19": "加罗本没有恋童癖之类的特殊癖好，",
        "20": "按说只是个偏好成熟女性曲线的正常男人。",
        "21": "但这个被捡回村的少女身上，却散发着足以令任何男人失控的魔性。",
        "22": "水晶般澄澈的双眸永远透着理性光辉，微笑时仅是唇角微微扬起，",
        "23": "举手投足间的高贵气韵，在这穷乡僻壤——甚至都市都难得一见的奇异魅力，令人不由自主地沉溺其中。",
        "24": "最初只是心血来潮的恶作剧。",
        "25": "退伍老兵加罗在村中担任自卫团教官，负责教授孩童剑术。",
        "26": "借着指导名义触碰克莉榭的身体，本是他消遣的小把戏。",
        "27": "但少女始终神色淡然，毫无抗拒之意。",
        "28": "正是这份异常助长了他的气焰。",
        "29": "村民们本就视异于常人的克莉榭为怪胎，无人出面制止加罗，而她本人也从未显露厌恶之色，种种纵容终使事态发展到今日这般田地。",
        "30": "她甚至不曾向养父母告发过这些行径。"
      },
      "New Character": [
        {
          "name": "クリシェ",
          "translation": "克莉榭",
          "describe": "银发紫眸的绝美少女，举止高雅神秘，被村民收养却遭排挤，具有令人沉迷的魔性气质"
        },
        {
          "name": "ガロ",
          "translation": "加罗",
          "describe": "退役士兵/村自卫团教官，邋遢粗野的中年男性，长期以指导为名对克莉榭进行性骚扰"
        }
      ],
      "Character changing": [],
      "New proper noun": [
        {
          "name": "自警団",
          "translation": "自卫团",
          "describe": "村庄自发组织的武装团体，负责安保与训练工作"
        }
      ],
      "Summary": "退役士兵加罗持续骚扰具有神秘气质的银发少女克莉榭，在村民默许下逐渐升级的侵犯行为首次遭遇少女明确拒绝，暗示即将发生冲突。",
      "timestamp": "2025-03-11T07:20:09.494558"
    },
    {
      "range": "60",
      "type": "translating",
      "status": "written",
      "translate": {
        "31": "从她平日的表现来看，只要不过分乱来，这姑娘应该不会向他人告发吧。",
        "32": "在这人迹罕至的森林里，稍微做些过火举动也是能被允许的吧。",
        "33": "\"放心吧，叔叔我可没打算做让你疼的事。\"",
        "34": "克莉榭从试图贴近的男人面前退后一步。",
        "35": "她的视线左右游移，凝神细听周遭动静。",
        "36": "气息分布、地面状况、风向角度、双方站位。",
        "37": "恰到好处，克莉榭如此判断。",
        "38": "\"您还是不愿停手吗？\"",
        "39": "\"哎呀别这么说嘛，叔叔只是想和小姑娘搞好关系啊。\"",
        "40": "\"......搞好关系？\"",
        "41": "\"对啊，搞好关系。小姑娘应该明白的吧？\"",
        "42": "克莉榭怯生生地——看似如此实则后撤一步。",
        "43": "两步、三步。",
        "44": "就在佯装失衡仰倒的瞬间，扑压而来的男人喉头——",
        "45": "\"没、没关......呃？！\"",
        "46": "——被练习用的木剑精准贯穿。",
        "47": "那是事先倚树藏匿的武器。",
        "48": "借势突刺的绝妙一击。",
        "49": "虽然入肉稍浅未能致命，但此刻调整姿势补刀已来不及。",
        "50": "剑柄猛然扭转撕裂柔软血肉，将压在上方的躯体掀翻在地。",
        "51": "男人捂住喷血的喉咙蜷缩抽搐，满脸痛苦与茫然。",
        "52": "克莉榭起身踩住脖颈，木剑对准颈椎全力刺下。",
        "53": "首次突刺因男人挣扎偏移，剑尖滑过骨骼深深没入地面。",
        "54": "拔剑再刺。",
        "55": "伴随沉闷的碎裂声确认颈椎粉碎后，少女满意颔首长舒一气。",
        "56": "\"嗯，这样就解决了。\"",
        "57": "她微笑着注视男人扭曲痉挛的面容，拽住衣领拖向预定地点。",
        "58": "旁边早已挖就足以容纳成年男性的深坑。",
        "59": "确认能隔绝野兽嗅觉后，将尚在抽搐的躯体抛入坑中，挥锨填土时还不忘蹦跳着逐层压实。",
        "60": "收尾工作完成后，少女检查完身上污渍，又端详起染血的木剑锋刃。"
      },
      "New Character": [],
      "Character changing": [
        {
          "name": "克莉榭",
          "describe": "银发紫眸的绝美少女，举止高雅神秘，被村民收养却遭排挤，具有令人沉迷的魔性气质，实则深谙战斗技巧并能冷静实施致命反击"
        }
      ],
      "New proper noun": [],
      "Summary": "本次总结：克莉榭以精湛的战术反杀施暴者加罗，冷静完成尸体处理的全流程，展现出与其纯真外表不符的致命性。",
      "timestamp": "2025-03-11T07:30:09.494558"
    },
    {
      "range": "90",
      "type": "translating",
      "status": "written",
      "translate": {
        "61": "木剑上沾着少量血迹。",
        "62": "虽然只是刺穿喉咙——出血量不算太大，但仍有沾到自己身上的可能。",
        "63": "脱下长袍露出单薄内衣仔细检查后，少女对满意结果连连点头。",
        "64": "如何处置这个令人作呕的男人，她早已构思多时。",
        "65": "若单纯要杀，方法自然很多，但既要避免被人察觉，又要尽量杜绝被怀疑的可能。",
        "66": "用利器会血溅四方，而仅靠木剑击打又威力不足。",
        "67": "克莉榭体型纤瘦，即便借助体重也难以用木剑做到一击致命。",
        "68": "即使用铁锤砸碎头骨，若对方发出惨叫也会徒增麻烦。",
        "69": "她从未杀过成年人，深知不可小觑对方的体力。",
        "70": "最终决定利用对方体重贯穿喉咙最为高效——只要阻止其发出惨叫便万无一失，还省去偷窃工具的麻烦，结果堪称完美。",
        "71": "\"太棒了\"，克莉榭嘴角含笑倍感满足。",
        "72": "她向来最偏爱这种高效率的解决方式。",
        "73": "用匕首轻轻削去木剑尖端的血迹，再用泥土弄脏削痕使其自然融入环境。",
        "74": "既没有杀人后的罪恶感，也没有丝毫恐惧。",
        "75": "唯有清除触碰自己身体的恶心男人带来的成就感。",
        "76": "按计划推进的事态发展实在令人愉悦。",
        "77": "如此一来便能消除日常琐碎的不快，生活定会更加美好吧。",
        "78": "房间脏了就打扫。",
        "79": "感到不快就杀掉。",
        "80": "\"嘿嘿，得赶紧去买南瓜啦。\"",
        "81": "对少女而言，杀人就是这般轻描淡写的存在。",
        "82": "这位名为克莉榭的少女，毫无疑问是个异常者。",
        "83": "《少女所拒绝的英雄谭》",
        "84": "以狩猎、农耕和岩盐开采为业的卡尔卡村，是众多边陲聚落之一。",
        "85": "尤其高品质的岩盐成为主要贸易品，算是这个村落得天独厚的优势。",
        "86": "作物收成虽稍显贫瘠，但山林总能提供足够补充的食物。",
        "87": "村中半数男子在岩盐矿场劳作，另一半则成为猎人。",
        "88": "女人们负责耕种田地和操持洗衣等杂务。",
        "89": "约三岁时被遗弃的克莉榭，正是被这个村落的猎人捡回抚养。",
        "90": "在连厨房都没有的寒酸屋子里。"
      },
      "New Character": [],
      "Character changing": [],
      "New proper noun": [
        {
          "name": "カルカの村",
          "translation": "卡尔卡村",
          "describe": "位于边陲地区的聚落，经济支柱为岩盐开采与狩猎活动，具有典型的自给自足型社会结构"
        },
        {
          "name": "少女の望まぬ英雄譚",
          "translation": "少女所不期望的英雄史诗",
          "describe": "本作书名"
        }
      ],
      "Summary": "本次总结：克莉榭以精密计算的杀人手法完成首杀后，展现出将杀戮等同于日常清洁的异常思维；后续引入其成长背景，揭示卡尔卡村以盐业与狩猎为主的生存结构。",
      "timestamp": "2025-03-11T07:40:09.494558"
    },
    {
      "range": "120",
      "type": "translating",
      "status": "written",
      "translate": {
        "91": "吊在中央地炉上的锅子里咕嘟咕嘟翻滚着薯豆炖汤。",
        "92": "象征性放了几片肉干的简陋料理。",
        "93": "银发少女克莉榭紧贴着锅边坐下，用木勺舀起热汤呼呼吹气，边试味边满足地频频点头。",
        "94": "\"......嗯，做得真不错\"",
        "95": "汤里野猪肉的鲜味充分释放。",
        "96": "每当此时她都会庆幸自己被猎户收养。",
        "97": "即便分量微薄，能每日用肉已是奢侈的享受。",
        "98": "单纯用盐调味的薯豆汤实在索然无味。",
        "99": "\"果然汤品必须要有肉啊\"克莉榭啜饮着木勺里的汤汁，在幸福中舒展眉梢，细细品味香气。",
        "100": "杀死加罗时顺手从森林采回的香草。",
        "101": "这让肉类的膻味变得柔和许多。",
        "102": "褪去腥臊的肉质只余浓缩的鲜味——克莉榭挂着满意微笑，以试味为借口不断填饱肚子。",
        "103": "正是为了这种\"试味\"，她总会刻意多煮些汤。",
        "104": "克莉榭自诩是理性的化身，自然耻于被食欲这种动物本能左右。",
        "105": "但或许是天生体质与幼时挨饿流浪的记忆作祟。",
        "106": "遗憾的是她对食物的渴求远超常人，总忍不住偷吃的恶习始终改不掉。",
        "107": "——烧水撒盐丢食材。",
        "108": "这都要怪养母那根本称不上料理的灾难性烹饪法。",
        "109": "年幼的克莉榭正是被这种难以下咽的味道逼得主动学厨，如今却彻底沉醉于烹饪之道。",
        "110": "毕竟只要打着试味的旗号，就能用自己喜欢的调味方式畅饮热汤。",
        "111": "对于容易饿肚子的她而言，\"试味\"简直是天赐的借口，现在全家饭菜都由她一手包办。",
        "112": "原本对口味毫不讲究的养父母也沉迷于她的手艺，盛赞不愧是自家女儿。",
        "113": "因此克莉榭在村里素有贤惠美名。",
        "114": "\"烹饪真是百利无害呢\"克莉榭自顾自点头。",
        "115": "能做爱吃的料理，能光明正大填饱肚子，还能提升风评。",
        "116": "对如今的克莉榭而言，料理早已成为生活中不可或缺的部分。",
        "117": "\"不过还是有点遗憾......本来想做南瓜汤的\"",
        "118": "克莉榭懊恼地撅起嘴。",
        "119": "昨日有行商来过村子。",
        "120": "商队惯例停留一日，次日清晨便会启程。"
      },
      "New Character": [],
      "Character changing": [
        {
          "name": "クリシェ",
          "describe": "银发紫眸的绝美少女，被猎户收养后通过精湛厨艺赢得村民好评，实则将料理作为合理化暴食欲望的工具，具有将杀戮与烹饪等同视之的异常认知"
        }
      ],
      "New proper noun": [],
      "Summary": "本次总结：克莉榭通过料理满足旺盛食欲与获得社会认可的双重需求，展现其将杀戮与烹饪皆视为生活技艺的异常性，结尾对南瓜汤的渴望暗示后续情节发展。",
      "timestamp": "2025-03-11T07:50:09.494558"
    },
    {
      "range": "150",
      "type": "translating",
      "status": "written",
      "translate": {
        "121": "本应在昨日行商停留期间采购南瓜，却因需要趁着商队进村、众人目光聚集时挖掘掩埋男人的土坑，最终未能如愿。",
        "122": "于是打算今晨处理完男人便去采购南瓜，不料搬运尸体耗费了远超预期的时间，最终与南瓜失之交臂。",
        "123": "汤汁依旧鲜美可口。",
        "124": "但对自诩\"南瓜汤品鉴师\"的克莉榭而言，终究欠缺了几分满足感。",
        "125": "——至少再多加片肉吧。不行，剩下的要留作明日份呢。",
        "126": "以试味为名反复啜饮着汤汁。",
        "127": "正当她边填肚子边胡思乱想时，门扉突然吱呀作响。",
        "128": "\"啊......\"",
        "129": "出现在门口的是一名女子。",
        "130": "乌黑长发随意束在脑后，虽带几点雀斑却难掩清丽容颜的女性。",
        "131": "\"欢迎回家，母亲大人\"",
        "132": "克莉榭维持着蜷坐的姿势，向归来的养母格蕾丝问候。",
        "133": "\"我回来了克莉榭，已经在准备晚餐了？\"",
        "134": "\"已经完成了。今日暑气稍重，便多放了些盐，不知合不合您口味......？\"",
        "135": "她用木勺舀起些许汤汁，径直递到格蕾丝面前。",
        "136": "养母凝视着佯装正在料理的克莉榭苦笑，就着木勺浅尝一口。",
        "137": "她心知肚明这贪吃鬼定是假借试味偷喝了整锅汤，却体贴地不予点破。",
        "138": "在格蕾丝眼中，自以为掩饰得天衣无缝的克莉榭那副馋相实在惹人怜爱。",
        "139": "凡事力争上游、勤勉正直的克莉榭难得展露的稚气，正是养母最珍视的模样。",
        "140": "\"嗯，非常美味哦克莉榭\"",
        "141": "\"当真？\"",
        "142": "\"呵呵，这种小事何须说谎呢\"",
        "143": "村中第一美人格蕾丝与优秀青年猎手戈尔卡的结合曾令全村欢欣祝福，然而夫妻二人始终无嗣，好不容易怀上的胎儿也以死产告终。",
        "144": "正当他们深陷悲痛之际，丈夫戈尔卡在林中发现了弃婴克莉榭。",
        "145": "夫妻认定这是神明赐予的女儿，将其视如己出悉心抚养，而克莉榭的成长亦远超双亲期许。",
        "146": "如今被誉为村中第一淑女的克莉榭，令格蕾丝倍感骄傲。",
        "147": "她当然察觉到了养女不擅体察人情的异常特质，却从未动摇过这份母爱。",
        "148": "倒不如说引导这些缺陷正是父母的职责，格蕾丝不厌其烦地教导处世之道——可以说克莉榭如今能过上寻常生活，全赖养母的苦心栽培。",
        "149": "而克莉榭对这样的双亲亦毫无怨言。",
        "150": "除却稍显溺爱之外，格蕾丝与戈尔卡堪称理想父母，克莉榭对他们也怀抱着近似亲情的依恋。"
      },
      "New Character": [
        {
          "name": "グレイス",
          "translation": "格蕾丝",
          "describe": "克莉榭的养母，村中第一美人，性格温柔善于包容，以耐心引导养女的异常特质"
        },
        {
          "name": "ゴルカ",
          "translation": "戈尔卡",
          "describe": "克莉榭的养父，优秀猎手，与格蕾丝共同收养弃婴克莉榭并视如己出"
        }
      ],
      "Character changing": [
        {
          "name": "クリシェ",
          "describe": "补充说明其难以理解他人情感的特质，在养母引导下维持着表面正常生活，对家庭怀有近似亲情的依赖，将食欲与杀戮本能隐藏在贤淑表象之下"
        }
      ],
      "New proper noun": [],
      "Summary": "本次总结：通过养母女对话揭示克莉榭异常性格的养成背景，在温馨日常中埋藏认知扭曲的伏笔，同时补全收养往事强化家庭羁绊与人物矛盾。",
      "timestamp": "2025-03-11T08:00:09.494558"
    },
    {
      "range": "180",
      "type": "translating",
      "status": "written",
      "translate": {
        "151": "\"……克莉榭的厨艺真是了得呢\"",
        "152": "\"嘿嘿......\"",
        "153": "克莉榭被抚摸着脑袋露出微笑。",
        "154": "接着蹭到格蕾丝身边抱住她，将脸颊贴在对方胸前的柔软处。",
        "155": "方才杀人的记忆早已烟消云散。",
        "156": "此刻依偎在养母怀中的，不过是个与年龄相符的普通少女。",
        "157": "——这已是第三条人命。",
        "158": "早前已有两名同龄孩童，同样葬送在克莉榭手中。",
        "159": "对于铲除令自己不快之人，克莉榭从不觉有丝毫负担。",
        "160": "之所以隐藏行径，不过是遵循村落共同体的规矩。",
        "161": "将杀戮作为解决手段这件事本身，从未引发过她的困惑。",
        "162": "碍眼之人光是存在就足够碍眼。",
        "163": "即便杀人，自己既不会痛也不会痒。",
        "164": "既然如此，除掉便能神清气爽，还能永绝后患。",
        "165": "这种简单粗暴且自我中心的思考模式。",
        "166": "聪慧过人的头脑与匮乏的共情能力。",
        "167": "正是克莉榭与生俱来的致命缺陷。",
        "168": "不过她并非沉溺杀戮快感的杀人魔。",
        "169": "只要抛开那套异于常人的伦理观，克莉榭的感官体验与普通人并无二致。",
        "170": "对于传授村规礼法、视己如出并给予庇护的双亲，她确实怀抱着近似爱意的情感，也愿意为这样的对象尽心尽力。",
        "171": "\"母亲大人，还有其他需要帮忙的吗？\"",
        "172": "——利益与损失。",
        "173": "她始终以利害得失衡量世间万物，用最直白的方式理解世界。",
        "174": "对给予自己好处之人予以\"回报\"是天经地义，故而愿为保护养育自己的双亲倾尽全力。",
        "175": "她便是如此在内心维持着利害关系的平衡。",
        "176": "这种情感机制与子女对父母的爱慕相差无几，当感受到被爱时，她也会表现出纯粹而率直的反应。",
        "177": "认为回应期待理所当然、为此不辞辛劳的她，在旁人眼中反而是比普通孩子更勤勉善良——近乎理想的存在。",
        "178": "\"这个嘛......打扫和洗衣......也都做完了呢......\"",
        "179": "面对这样的克莉榭，格蕾丝环顾着收拾妥当的房间陷入沉思。",
        "180": "行李早已归置整齐，屋内空气清新流转。"
      },
      "New Character": [],
      "Character changing": [
        {
          "name": "クリシェ",
          "describe": "补充其以利益得失衡量人际关系的思维模式，虽具备近似亲情的情感反馈机制，但本质上将杀人视为排除生活障碍的合理手段，通过精密计算维持社会形象的同时满足本能需求"
        }
      ],
      "New proper noun": [],
      "Summary": "本次总结：通过克莉榭与养母的温情互动与内心独白的强烈反差，揭示其以利害计算替代情感认知的异常心理机制，在温馨日常场景中凸显将杀人视作清洁作业的扭曲伦理观。",
      "timestamp": "2025-03-11T08:10:09.494558"
    },
    {
      "range": "189",
      "type": "translating",
      "status": "written",
      "translate": {
        "181": "房间整洁得令人惊叹，既无尘埃也无污渍，就连贴身衣物都整整齐齐晾晒在屋外。",
        "182": "\"哈啊......真是的。你这孩子懂事得反而像在照顾我似的，怎么就能乖巧到这种程度呢？\"",
        "183": "格蕾丝苦笑着再次抚摸克莉榭的头顶。",
        "184": "少女舒展笑靥眯起眼睛，将身体贴得更紧。",
        "185": "\"离日落还有些时辰，去玩会儿吧。\"",
        "186": "\"......好的。\"",
        "187": "品味着这份温暖触感，少女挂着恬静的微笑点头，用脸颊轻轻蹭着养母的脸庞。",
        "188": "她无疑是个不折不扣的异常存在。",
        "189": "然而此刻蜷缩在此的，不过是外表与寻常少女别无二致的普通女孩。"
      },
      "New Character": [],
      "Character changing": [
        {
          "name": "クリシェ",
          "describe": "银发紫眸的绝美少女，被猎户收养后通过精湛厨艺赢得村民好评，具有将杀戮与烹饪等同视之的异常认知，表面维持着模范养女的伪装，实则通过利害计算维系人际关系，其温柔举止本质是维持生存环境的策略性行为"
        }
      ],
      "New proper noun": [],
      "Summary": "本次总结：通过母女亲昵互动与叙述者评价的强烈反差，在温馨表象下强化克莉榭异常人格与寻常外表的戏剧性冲突，凸显其将杀戮视为日常清洁的本质。",
      "timestamp": "2025-03-11T08:20:09.494558"
    },
    {
      "range": "219",
      "type": "translating",
      "status": "written",
      "translate": {
        "190": "少女的日常",
        "191": "——木纹的曲度、弓弦的张力、气流的轨迹。",
        "192": "感知着这些要素悄然舒展肢体。",
        "193": "并非刻意发力，而是将意识灌注于在经络中顺畅流淌的某种存在。",
        "194": "克莉榭认知中所谓『绵软之物』——那便是没有实体却被称为魔力的力量。",
        "195": "无需驱动肌肉，仅凭魔力操控四肢，身躯宛如提线木偶。",
        "196": "模仿记忆中顶尖猎手的姿态，将动作烙印于己身。",
        "197": "常年用魔力操纵肉体的她，早已摆脱僵硬与滞涩。",
        "198": "每个关节都精准呼应意念，永远以理想形态自控。",
        "199": "关于这类技艺，约莫习得二三式。",
        "200": "在连自己年龄都模糊的克莉榭看来，大抵如此。",
        "201": "少女的身躯虽稚嫩纤弱，但凭借魔力操控却能催生堪比——甚至超越成年人的力量。",
        "202": "即便是孩童难以驾驭的硬弓，她亦能轻松拉满。",
        "203": "草叶摩挲与风吟。",
        "204": "在被无限拉长的悠长光阴中捕捉声息，屏息凝神。",
        "205": "刹那静寂——弓弦震颤破空。",
        "206": "离弦之箭没入灌木，钝响宣告生命的终结。",
        "207": "无需确认便知命中，走近被贯穿咽喉的野兔，漠然注视它四肢抽搐的挣扎模样。",
        "208": "拎起后腿走向溪边，倒悬猎物，匕首利落划开喉管。",
        "209": "心脏泵出的血液奔涌而出，斑驳浸染泥土。",
        "210": "「嗯，处理得不错」",
        "211": "迅速放血是保持肉质鲜美的诀窍——否则腥味便会渗入肌理。",
        "212": "克莉榭取出麻绳将兔腿捆扎，倒吊于树干。",
        "213": "抽搐渐弱，终归静止。",
        "214": "正恍惚凝视生命流逝的光景，身后传来窸窣响动。",
        "215": "「……克莉榭，在做什么呢？」",
        "216": "「父亲大人，祖父大人」",
        "217": "灌木丛中走出两名男子。",
        "218": "蓄着络腮胡的高瘦男子正是戈尔卡。",
        "219": "这位年纪轻轻便统领猎户的顶尖好手，正是克莉榭的养父。"
      },
      "New Character": [
        {
          "name": "おじいさま",
          "translation": "祖父",
          "describe": "与戈尔卡同行的年长男性，具体身份未明"
        }
      ],
      "Character changing": [
        {
          "name": "ゴルカ",
          "describe": "克莉榭的养父，蓄络腮胡的高瘦猎手，作为村中年轻一代猎人领袖展现出威严气质，与格蕾丝共同维持家庭表象，其精湛狩猎技艺成为克莉榭模仿对象"
        }
      ],
      "New proper noun": [
        {
          "name": "魔力",
          "translation": "魔力",
          "describe": "无形能量体，克莉榭通过意念操控用以增强身体机能，其感知形态被描述为\"绵软之物\"，在狩猎中实现远超肉体极限的精准操作"
        }
      ],
      "Summary": "本次总结：通过克莉榭行云流血的狩猎过程与魔力操控细节，展现其将杀戮视为日常作业的精密性；结尾与养父的相遇进一步强化表面家庭温情与内在机械式生存模式的矛盾。",
      "timestamp": "2025-03-11T08:30:09.494558"
    },
    {
      "range": "249",
      "type": "translating",
      "status": "written",
      "translate": {
        "220": "另一位则是格蕾丝的父亲——即克莉榭的祖父加仑。",
        "221": "这位历经七次征战、曾晋升为百夫长的村庄英雄。",
        "222": "斑白乱发与沧桑经历交织。",
        "223": "周身萦绕着生人勿近的气场，唯独对克莉榭极尽溺爱，事无巨细照拂备至的慈祥老者。",
        "224": "少女亦对这位祖父格外依恋。",
        "225": "村中猎人惯以两人组队行动，戈尔卡亦不例外，常与既是格蕾丝父亲又是自己导师的加仑共同出猎。",
        "226": "此刻满载而归的二人正用木竿抬着野猪。",
        "227": "箭矢深深没入三处要害，想必颇费周章。",
        "228": "膘肥体壮的猎物堪称丰收。",
        "229": "「嘿嘿，在练习射箭呢。克莉榭想着要是能帮忙打猎，父亲大人和祖父大人就能轻松些了」",
        "230": "少女仿佛在说事实不言自明。",
        "231": "这解释虽无谬误却未尽其实。",
        "232": "实则是克莉榭觉得近日餐食寡淡，只是不愿被当作贪嘴之徒。",
        "233": "必须强调这仅是弓术修习，猎兔不过是顺手为之。",
        "234": "克莉榭自我中心且极度自恋，理想主义倾向强烈。",
        "235": "她坚持保持仪表整洁，恪守社交礼仪，凡村中称颂之美德皆不遗余力践行。",
        "236": "支撑这般行径的，是「我当凌驾众生」的傲慢信条与病态美学追求。",
        "237": "于她而言，屈服于原始欲望不啻为愚昧的明证。",
        "238": "必须展现理性克制之姿——故而难以抑制的食欲在她眼中，实乃玷污理想自我的致命污点。",
        "239": "当然她也自忖：凡人皆有此欲，偶有放纵亦无伤大雅。",
        "240": "然而堪称悲剧的是——",
        "241": "那颗忘却拧紧人性发条的头脑，偏生具备极强的自我审视能力。",
        "242": "克莉榭的理性之瞳，容不得半点瑕疵存续。",
        "243": "「呃、刚好有野兔经过……就试着射了一箭。那个……父亲大人和祖父大人每天打猎很辛苦嘛，偶尔也该多吃点肉补补身子……」",
        "244": "——克莉榭绝非贪吃鬼，全是为家人着想。",
        "245": "绝非受食欲驱使，这是对双亲养育之恩的回馈。",
        "246": "少女挺胸辩白时，心底羞耻感却令辩解愈发苍白，最终沦为笨拙的托辞。",
        "247": "「总、总之，克莉榭只是想帮上大家的忙！」",
        "248": "即便如此，在她看来这番说辞已是铜墙铁壁。",
        "249": "坚信如此便无人识破贪食本相，少女得意地扬起下巴。"
      },
      "New Character": [
        {
          "name": "ガーレン",
          "translation": "加仑",
          "describe": "克莉榭的祖父，格蕾丝之父，斑白乱发的退役老兵，曾七度从军晋升至百夫长，外表冷峻但对孙女极度溺爱"
        }
      ],
      "Character changing": [
        {
          "name": "ゴルカ",
          "describe": "克莉榭的养父，蓄络腮胡的高瘦猎手，村中年轻一代猎人领袖，与导师加仑组成固定狩猎搭档，威严气质下隐藏着对家庭表象的维护"
        }
      ],
      "New proper noun": [
        {
          "name": "百人隊長",
          "translation": "百夫长",
          "describe": "古罗马军队基层指挥官职称，文中借指加仑在军旅生涯中达到的最高职位"
        }
      ],
      "Summary": "本次总结：通过克莉榭与祖父的互动及内心独白，揭示其用完美主义伪装食欲的扭曲心理机制，在狩猎场景中展现理性外壳与本能欲望的激烈冲突，强化其将生存需求转化为美学表演的病态人格。",
      "timestamp": "2025-03-11T08:40:09.494558"
    },
    {
      "range": "279",
      "type": "translating",
      "status": "written",
      "translate": {
        "250": "「呵呵，知道啦知道啦，真是个孝顺的好孩子」",
        "251": "祖父加仑对着这般辩解的克莉榭露出苦笑。",
        "252": "这般拙劣托辞自然瞒不过大人，众人不过觉得她强辩的模样有趣才故作不知。",
        "253": "而少女始终未能参透投向自己的苦笑中暗藏的深意。",
        "254": "「嘿嘿，是的呢」",
        "255": "浑然不觉真相的克莉榭，兀自陶醉于完美的借口。",
        "256": "加仑如常笑看孙女的娇态，顺手拿起倚在墙边的克莉榭自制长弓端详——然而父亲戈尔卡却僵立原地，神情异常凝重。",
        "257": "沉吟片刻后，他战战兢兢地开口询问。",
        "258": "「……这兔子，是克莉榭猎的？」",
        "259": "「是的，正在放血处理呢」",
        "260": "闻言蹙眉，目光如炬地审视女儿。",
        "261": "「谁教你的？我不记得教过这些......」",
        "262": "「……？克莉榭看过父亲大人示范过几次」",
        "263": "面对歪头困惑的少女，戈尔卡喃喃自语「难道说......」",
        "264": "确实曾在克莉榭面前演示过几次拉弓。",
        "265": "仅此而已。",
        "266": "从未打算传授狩猎技艺。",
        "267": "毕竟克莉榭是女儿身，注定无缘猎人之道。",
        "268": "「虽说是依样画葫芦，肯定不及父亲大人精湛。不过呢，克莉榭已经能精准命中要害了哦」",
        "269": "目光扫向被利箭贯穿脖颈的兔尸。",
        "270": "身为顶尖猎人的戈尔卡无需亲眼目睹过程。",
        "271": "箭矢入肉的角度与深度已昭示其惊人造诣。",
        "272": "正因如此，内心愈发惊涛骇浪。",
        "273": "「……仅凭观摩数次」",
        "274": "戈尔卡早知女儿天赋异禀。",
        "275": "但当亲眼见证毕生钻研的技艺被轻易复刻时，恐惧的种子仍悄然萌发。",
        "276": "恐怕少女已将「数次观摩」的弓术深深镌刻脑海，不知不觉间化为己用。",
        "277": "步法、吐息、架势——所有细节仅凭数眼便分毫不差地解析重构。",
        "278": "她所拥有的，是令人战栗的智慧与才能。",
        "279": "虽早有认知，此刻的震撼仍挥之不去。"
      },
      "New Character": [],
      "Character changing": [
        {
          "name": "ゴルカ",
          "describe": "克莉榭的养父，蓄络腮胡的高瘦猎手，村中年轻一代猎人领袖，与导师加仑组成固定狩猎搭档，威严气质下隐藏着对家庭表象的维护，因发现养女异常才能而产生认知动摇"
        },
        {
          "name": "クリシェ",
          "describe": "银发紫眸的绝美少女，被猎户收养后通过精湛厨艺赢得村民好评，具有将杀戮与烹饪等同视之的异常认知，表面维持着模范养女的伪装，实则通过利害计算维系人际关系，其温柔举止本质是维持生存环境的策略性行为，展现出通过视觉观察即可完美复现复杂技艺的超常学习能力"
        }
      ],
      "New proper noun": [],
      "Summary": "本次总结：通过克莉榭展露超凡狩猎天赋引发养父心理震撼，在箭术细节中具象化其异常学习能力，揭示天才表象下动摇家族认知的暗涌，借由戈尔卡的视角深化人物矛盾的戏剧张力。",
      "timestamp": "2025-03-11T08:50:09.494558"
    },
    {
      "range": "309",
      "type": "translating",
      "status": "written",
      "translate": {
        "280": "斜睨着陷入沉思的戈尔卡，加仑率先打破沉默。",
        "281": "「克莉榭，这张弓是你自己做的吗？」",
        "282": "「是的。虽然做工稍显粗糙，但用来射兔子已经足够趁手了。」",
        "283": "「木材选料上有些失误。表面打磨得漂亮，却忽略了木纹与结节的处理。下次祖父教你选材诀窍吧。」",
        "284": "「嘿嘿......谢谢祖父大人。」",
        "285": "享受着祖父的摸头，克莉榭笑靥如花地转过脸庞，紫水晶般的眸子投向戈尔卡。",
        "286": "「......父亲大人，您有什么心事吗？」",
        "287": "「啊，不......克莉榭，没有深入森林深处吧？」",
        "288": "「谨遵教诲。这只兔子就是在森林边缘捕获的。」",
        "289": "「传说森林深处栖息着魔兽。虽然反复叮嘱会让你厌烦，但千万不可掉以轻心。」",
        "290": "「是，父亲大人。」",
        "291": "乖巧点头后，克莉榭掏出剥皮小刀，娴熟地剖开兔子的腹部与四肢关节。",
        "292": "她哼着小曲般的轻松架势突然停滞，因剥皮受阻而微微蹙起眉头。",
        "293": "「......奇怪？」",
        "295": "加仑慈祥地笑着示范，利落地将整张兔皮完整剥离。",
        "296": "「......原来如此。」",
        "297": "克莉榭专注凝视着祖父的手法，眼中泛起求知的光芒。",
        "298": "戈尔卡突然注意到——少女瞳孔深处闪烁着蛇类般无机质的冷光。",
        "299": "这双摄人心魄的紫罗兰色美眸，此刻却令他感到毛骨悚然。",
        "300": "每当观察事物时，克莉榭总会展现出超然物外的凝视。",
        "301": "即便是成年男子都会退避三舍的坠亡尸体——",
        "302": "戈尔卡清晰记得，当时她也是这样凝视着血肉模糊的残躯。",
        "303": "即便那具尸体属于同龄玩伴，克莉榭依然用这种无机质的眼神冷静观察。",
        "304": "觉察到父亲视线的克莉榭歪着脑袋回望。",
        "305": "旋即露出恍悟的神情，双颊飞起淡淡红晕解释道：",
        "307": "完美完成理所应当——这是她对自身能力的严苛标准。",
        "308": "误将父亲惊惧的目光当作对失误的责备，少女羞赧地垂下眼帘。",
        "309": "宛如妖精般惹人怜爱的娇俏模样。"
      },
      "New Character": [],
      "Character changing": [],
      "New proper noun": [
        {
          "name": "魔獣",
          "translation": "魔兽",
          "describe": "栖息在森林深处的危险生物，具有超自然力量，常作为民间传说中的威胁存在"
        }
      ],
      "Summary": "本次总结：通过剥兔皮场景具象化克莉榭异常学习模式，在祖父慈爱指导与父亲恐惧凝视的对比中，揭示其机械式观察力与情感缺失的本质，强化非人特质与人类表象的撕裂感。",
      "timestamp": "2025-03-11T09:00:09.494558"
    },
    {
      "range": "339",
      "type": "translating",
      "status": "written",
      "translate": {
        "310": "戈尔卡猛然惊觉女儿此刻展现着符合年龄的稚气，连忙摇头否定心中所想。",
        "311": "「……我小时候也这样。能做到这个程度已经很好了」",
        "312": "「啊，戈尔卡这小子当年可是战战兢兢，差点剥掉自己手皮的糗事呢。相比之下克莉榭倒是胆识过人」",
        "313": "——胆识过人。",
        "314": "但戈尔卡明白——问题根本不在这里。",
        "315": "即便如今早已习惯解剖作业，从刚断气的动物体内掏出脏器仍令人作呕，那些畸形内脏的视觉冲击绝非什么愉悦体验。",
        "316": "然而克莉榭面不改色地掏出内脏，将兔子转化为纯粹肉块。",
        "317": "克莉榭或许根本感受不到常人应有的恐惧。",
        "318": "戈尔卡如此揣测着。",
        "319": "「父亲大人，解剖野猪时克莉榭也能帮忙吗？」",
        "320": "「……嗯，可以。不过先把手洗干净。血迹残留在指甲缝里时间久了更难清理」",
        "321": "「是！」",
        "322": "克莉榭蹦跳着跑到河边，仔细清洗血污浸染的双手。",
        "323": "戈尔卡望着女儿天真烂漫的背影，苦笑着摇了摇头。",
        "324": "无论怎样，这终究是自己深爱的女儿。即便与常人不同，接纳孩子的全部不正是父母的天职么？",
        "325": "戈尔卡如此说服自己，为方才的恐惧感到羞愧。",
        "326": "女儿与常人的微妙差异，戈尔卡与格蕾丝都心知肚明。",
        "327": "她聪慧过人，学什么都天赋异禀，任何技艺都能瞬间抓住精髓。",
        "328": "可与人交谈时却显得笨拙，只会按字面理解话语含义，时常因琐碎细节陷入沟通困境。",
        "329": "究竟是过分聪慧的副作用，抑或另有隐情？",
        "330": "村里确实有不少人觉得她令人不适。",
        "331": "夫妻俩为此反复商讨对策，甚至争吵过数次，只为让这个特别的女儿能被外界接纳。",
        "332": "在看清女儿所有优缺点后，两人依然视若珍宝地养育着这个孩子。",
        "333": "对于无法生育的夫妇而言，克莉榭就是神明赐予的礼物。",
        "334": "即便察觉到她灵魂的扭曲，两人仍坚持这个信念。",
        "335": "最重要的是，自从有了克莉榭，戈尔卡与格蕾丝的生活便充满了欢声笑语。",
        "336": "——为了让与常人不同的她能够安然生存。",
        "337": "戈尔卡凝视着心爱的女儿，再次暗下决心。",
        "338": "开采的岩盐与猎物同样属于村中公有财产。",
        "339": "需先交由加工场的女人们分切腌制，制成肉干或咸肉等储备粮——不过若所有收获都要充公，猎人们也会失去干劲。"
      },
      "New Character": [],
      "Character changing": [],
      "New proper noun": [],
      "Summary": "本次总结：通过解剖野兔的细节描写，具象化克莉榭缺乏恐惧感的异常特质；在戈尔卡从惊惧到接纳的心理转变中，展现养父母对非人少女的深沉爱意，强化家庭温情与人性异化间的戏剧张力。",
      "timestamp": "2025-03-11T09:10:09.494558"
    },
    {
      "range": "369",
      "type": "translating",
      "status": "written",
      "translate": {
        "340": "因此猎人们在捕获猎物后有权保留部分肉品，通常允许将难以加工成储备食品的油脂部分带回家中。",
        "341": "野猪悬挂数日经过熟成处理更能激发风味。",
        "342": "不过要享用这份美味需等待三天，但兔禽之类的小型猎物不在此限。",
        "343": "鹿与野猪等大型猎物唯有专业猎人能捕获，而兔鸟之类则是孩童也能安全猎取的小型动物，这些允许直接带回家中。",
        "344": "猎人之间默认禁止专门猎捕小型动物，这类收获只能视为正式狩猎的附带品。",
        "345": "因此即便捕获小型猎物，多数猎人仍会作为公有物上交加工场，专注捕猎小型动物者将遭人鄙夷，这项潜规则从未引发过公开争议。",
        "346": "既然是由连猎人都算不上的克莉榭射杀的兔子，自然归属自家所有。少女心满意足地提着猎物返家，当晚将整兔分作两半，半只炖汤半只炙烤。",
        "347": "对寻常人家而言堪称奢侈的盛宴。",
        "348": "肥硕的野兔油脂丰盈，炖煮时肉汁醇厚，炙烤时脂香四溢。",
        "349": "唤来加仑后四人围坐餐桌，话题中心仍是克莉榭。",
        "350": "\"……自己打的猎物，吃着可香？\"",
        "351": "\"嗯，祖父大人。上次祭典吃兔肉还是好久之前......久违的野味果然鲜美。\"",
        "352": "撕咬兔腿时温润的油香在口中弥漫。",
        "353": "仅以粗盐香草简单炙烤的兔肉，在舌尖跃动着诉说极致美味。",
        "354": "脑海中充盈着幸福眩晕。",
        "355": "啜饮浓汤亦是人间至味。",
        "356": "融化的肉香浸润浓稠汤汁，与黑麦面包堪称绝配。",
        "357": "\"来，我的这份也给你\"",
        "358": "\"哎......好、好的......\"",
        "359": "略显迟疑地接过加仑递来的肉块，眉眼间浮起淡淡笑意。",
        "360": "加仑微笑着看向戈尔卡。",
        "361": "\"戈尔卡，你也很久没尝过兔肉了吧？偶尔也该给孩子带点回来。克莉榭正是长身体的时候\"",
        "362": "\"啊，克莉榭说那些话不是这个意思......\"",
        "363": "\"小孩子不用客气。我像她这么大时，可是挨着揍都要喊饿的\"",
        "364": "被粗糙大手揉着脑袋的克莉榭眯起眼睛，露出小猫般的惬意神情。",
        "365": "格蕾丝被这番对话逗得发笑，戈尔卡则若有所思地点点头。",
        "366": "\"确实，我和格蕾丝食量小都没注意......或许真没让克莉榭吃饱\"",
        "367": "\"这孩子看着秀气其实贪吃得很呢。商队来时总盯着鱼干奶酪两眼发亮\"",
        "368": "\"......哎？\"",
        "369": "正优雅而迅速地将烤肉与面包塞进口中的克莉榭突然僵住，瞪圆了紫水晶般的眼眸。"
      },
      "New Character": [],
      "Character changing": [
        {
          "name": "クリシェ",
          "describe": "银发紫眸的绝美少女，被猎户收养后通过精湛厨艺赢得村民好评，具有将杀戮与烹饪等同视之的异常认知，表面维持着模范养女的伪装，实则通过利害计算维系人际关系，其温柔举止本质是维持生存环境的策略性行为，展现出通过视觉观察即可完美复现复杂技艺的超常学习能力，潜藏着与优雅外表不符的旺盛原始食欲"
        }
      ],
      "New proper noun": [
        {
          "name": "香草",
          "translation": "香草",
          "describe": "猎人家庭常用的天然调味料，通常为干燥的百里香与迷迭香混合物，用于去除野味腥膻"
        }
      ],
      "Summary": "本次总结：通过家庭聚餐场景具象化克莉榭隐藏的旺盛食欲，在亲人互动与美食描写的温馨表象下，暗藏其将进食视为生存本能的异常特质，强化日常温情与内在机械性需求的戏剧反差。",
      "timestamp": "2025-03-11T09:20:09.494558"
    },
    {
      "range": "399",
      "type": "translating",
      "status": "written",
      "translate": {
        "370": "她眼神游移不定地辩解道",
        "371": "「才……才没有呢，克莉榭才不是贪吃鬼……」",
        "372": "三人闻言同时笑喷出来。",
        "373": "「怎么小克莉榭，以为我们不知道吗？」",
        "374": "「呵呵，可爱得犯规呢。……你以为大家看不出来吗？村里谁不知道你这幅端庄模样下藏着大胃王的本性呀？」",
        "375": "克莉榭雪白的面颊霎时涨得通红，羞得浑身僵直。",
        "376": "「这、这是谣言……绝、绝对没有……」",
        "377": "她自认每次满足口腹之欲时都完美掩饰了真实意图。",
        "378": "在少女缜密的思维里，那些冠冕堂皇的说辞与借口堪称天衣无缝——然而本该深藏的个人缺陷竟早已成为全村共识。",
        "379": "巨大的认知冲击令克莉榭如遭雷击。",
        "380": "「'贪吃鬼克莉榭'可是大婶们茶余饭后的热门话题呢。」",
        "381": "——这评价与她苦心经营的形象完全背道而驰。",
        "382": "羞耻感令她眼眶湿润，雪白肌肤泛起苹果般的红晕。",
        "383": "呜咽着强忍羞意的模样终于有了同龄人的稚气。",
        "384": "三人见状再度笑作一团。",
        "385": "「平时那么端庄的大小姐，反差萌也太犯规了吧？」",
        "386": "「正因日常太完美才显得可爱啊。」",
        "387": "戈尔卡接上格蕾丝的话茬，加仑则挂着淡淡笑意开口道：",
        "388": "「用不着跟爹娘客气啊丫头。再说就算贪吃些又怎样？咱们克莉榭每天都勤勤恳恳干活，谁敢说三道四？」",
        "389": "「这、这不是重点啦……」",
        "390": "暴食的根源源自她日常运作的庞大魔力需求。",
        "391": "当魔力储备突破临界值后，肉体本身就会产生异变。",
        "392": "摄入体内的食物会被瞬间分解，转化为纯粹的魔力能量。",
        "393": "近年随着身体发育，魔力消耗量激增，甚至已无需进行排泄活动。",
        "394": "这便是她食量与外表严重不符的真相。这种体质通常由血脉传承，然而村中并不存在类似血统。",
        "395": "因此无人能理解少女暴食的苦衷，这份孤独构成了她隐秘的悲哀。",
        "396": "「格蕾丝小时候可是活都不干就知道撒娇的主。你这丫头明明勤快过头了，想要什么就该直说，饿了就喊饿嘛。」",
        "397": "「爸——！」",
        "398": "「真、真的不是，克莉榭真的没有贪吃……」",
        "399": "不愿承认现实的少女拼命摇头，向格蕾丝投去求助的目光。"
      },
      "New Character": [],
      "Character changing": [
        {
          "name": "クリシェ",
          "describe": "银发紫眸的绝美少女，被猎户收养后通过精湛厨艺赢得村民好评，具有将杀戮与烹饪等同视之的异常认知，表面维持着模范养女的伪装，实则通过利害计算维系人际关系，其温柔举止本质是维持生存环境的策略性行为，展现出通过视觉观察即可完美复现复杂技艺的超常学习能力，潜藏着与优雅外表不符的魔力驱动型暴食体质"
        }
      ],
      "New proper noun": [],
      "Summary": "本次总结：通过家庭餐桌上的嬉闹场景，暴露克莉榭竭力隐藏的异常食欲真相，在欢声笑语中揭示其魔力体质导致的生理异变，于温情日常下埋藏无法被理解的孤独内核，强化表象伪装与生存本质的撕裂感。",
      "timestamp": "2025-03-11T09:30:09.494558"
    },
    {
      "range": "429",
      "type": "translating",
      "status": "written",
      "translate": {
        "400": "格蕾丝看着克莉榭这副模样，忍俊不禁地耸动着肩膀。",
        "401": "「好啦好啦，真是个倔丫头。来，不逗你了，多吃点嘛」",
        "402": "早已用完餐的格蕾丝轻抚克莉榭后背笑道。",
        "403": "克莉榭满脸羞红地沉默着，不情不愿地将嘴唇凑近汤碗。",
        "404": "「都怪你们合伙欺负人，把小克莉榭惹恼了吧」",
        "405": "「最先挑头的不是你么」",
        "406": "「有这回事？」",
        "407": "格蕾丝笑吟吟地应道。",
        "408": "「先不说这个，这孩子确实懂事得过分......每天打扫房间、下厨做饭，到森林里采山货，今天还带野兔回来......我这当妈的都没用武之地了。偶尔也像其他孩子那样撒撒娇嘛？」",
        "409": "面红耳赤的克莉榭含着泪花回应。",
        "410": "「那、那个......克莉榭是真心喜欢打扫和做饭......」",
        "411": "她本想强调自己并非贪吃，而是享受料理本身。",
        "412": "可看着众人玩味的眼神，心知这番说辞早已失去说服力。",
        "413": "克莉榭气鼓鼓地鼓起腮帮子，被格蕾丝轻轻戳了戳脸颊。",
        "414": "「乖啦别生气嘛，嘻嘻」",
        "415": "「呜......」",
        "416": "随着\"噗咻\"的滑稽漏气声，克莉榭羞得捂住脸直哼哼。",
        "417": "欢笑声再次盈满整个小屋。",
        "418": "餐后收拾餐具时，母女俩照例走向森林。",
        "419": "沿着林间小径往不远处的溪流行去。",
        "420": "借着清洗餐具的机会，完成每日两次的沐浴仪式。",
        "421": "树影婆娑间的溪流淙淙作响。",
        "422": "弦月清辉在粼粼波光中跃动，赤裸的少女任由母亲为她擦拭如脂玉肌。",
        "423": "银发浸染月色光辉，肌肤胜似初雪晶莹。",
        "424": "同样赤裸的格蕾丝边为养女清洗身体，边发出怜爱的叹息。",
        "425": "「真是美得像个精灵呢」",
        "426": "「变漂亮了吗？」",
        "427": "全然不见方才的羞赧，克莉榭雀跃地张开双臂转圈。",
        "428": "用餐时闹别扭的少女，此刻已恢复了好心情。",
        "429": "这个被村民称作\"娴静乖巧\"的姑娘，唯独在格蕾丝面前才会展露鲜活生动的表情变化。"
      },
      "New Character": [],
      "Character changing": [
        {
          "name": "クリシェ",
          "describe": "银发紫眸的绝美少女，被猎户收养后通过精湛厨艺赢得村民好评，具有将杀戮与烹饪等同视之的异常认知，表面维持着模范养女的伪装，实则通过利害计算维系人际关系，其温柔举止本质是维持生存环境的策略性行为，展现出通过视觉观察即可完美复现复杂技艺的超常学习能力，潜藏着与优雅外表不符的魔力驱动型暴食体质，唯独在养母格蕾丝面前会展露丰富的情感波动"
        },
        {
          "name": "グレイス",
          "describe": "克莉榭的养母，村中第一美人，性格温柔善于包容，以耐心引导养女的异常特质，擅长通过肢体接触传递母爱，能精准把握克莉榭的情感开关"
        }
      ],
      "New proper noun": [],
      "Summary": "本次总结：通过沐浴场景的细腻描写，展现克莉榭在养母面前卸下伪装的真实面貌，月光下的精灵之姿与人性化表情波动形成绝妙反差，暗示非人特质与人类情感在其体内的微妙平衡。",
      "timestamp": "2025-03-11T09:40:09.494558"
    },
    {
      "range": "459",
      "type": "translating",
      "status": "written",
      "translate": {
        "430": "格蕾丝注视着展露孩子气一面的克莉榭，嘴角含笑轻轻颔首。",
        "431": "「可不是嘛，现在的克莉榭就是世界第一美人哦？简直像小公主一样呢」",
        "432": "「嘿嘿」",
        "433": "克莉榭撒娇般扑进格蕾丝怀里，将发烫的脸颊埋进母亲胸前的柔软。",
        "434": "格蕾丝边抚摸着少女的银发，边在草地上铺开麻布，将白皙的双足浸入溪流坐定。",
        "435": "待将克莉榭抱坐在膝头，趁着体温未散，细细为她擦拭银发上的水珠。",
        "436": "忽然仰头望月莞尔一笑。",
        "437": "「看呀，今晚的月亮和克莉榭同名呢，都是那么美丽的'克莉榭'」",
        "438": "「……？」",
        "439": "克莉榭跟着仰望星空，困惑地歪了歪脑袋。",
        "440": "格蕾丝带着雀跃的语调解释道。",
        "441": "「残缺成弧的月亮——在古语里就叫克莉榭。当年戈尔卡向我求婚时，天边就挂着这样的月牙……因为实在太美了，我就想着要给女儿取这个名字」",
        "442": "「这样啊」",
        "443": "「……看来你完全不感兴趣嘛」",
        "444": "格蕾丝佯装生气地捏住克莉榭的脸颊。",
        "445": "「愿我的至福也能传达到你心里。这可是特别的祝福魔法哦」",
        "446": "「祝福魔法？」",
        "447": "「没错。就像我和戈尔卡相遇那样，希望克莉榭将来也能遇到命定之人。呵呵，虽然现在说这个还早」",
        "448": "克莉榭为难地歪着头，目光重新投向夜空。",
        "449": "天幕上的月轮只是月轮，残月的光晕比往日更显黯淡。",
        "450": "对克莉榭而言能理解的仅止于此——甚至连\"美丽\"的定义都难以参透。",
        "451": "月亮不会污损，不过是阴晴圆缺的形态变化。",
        "452": "因此她始终无法理解格蕾丝的话语，以及所谓祝福魔法的深意。",
        "453": "「唔...对克莉榭来说好像太难了......」",
        "454": "「不必刻意去理解。...总有一天，你自然会明白的」",
        "455": "面对越发困惑的克莉榭，格蕾丝忍俊不禁地抱起少女站起身来。",
        "456": "确认擦干全身水珠后，心满意足地点点头。",
        "457": "「明天要去训练场？」",
        "458": "「嗯。佩尔也说想让我陪他练习」",
        "459": "「越来越有姐姐风范了呢。...虽然不拦着你，但要注意安全。这么漂亮的身子要是留疤就糟了」"
      },
      "New Character": [],
      "Character changing": [
        {
          "name": "クリシェ",
          "describe": "银发紫眸的绝美少女，被猎户收养后通过精湛厨艺赢得村民好评，具有将杀戮与烹饪等同视之的异常认知，表面维持着模范养女的伪装，实则通过利害计算维系人际关系，其温柔举止本质是维持生存环境的策略性行为，展现出通过视觉观察即可完美复现复杂技艺的超常学习能力，潜藏着与优雅外表不符的魔力驱动型暴食体质，唯独在养母格蕾丝面前会展露丰富的情感波动，对抽象概念与情感隐喻存在认知障碍，其名字来源于古语中象征残缺之月的\"克莉榭\""
        },
        {
          "name": "グレイス",
          "describe": "克莉榭的养母，村中第一美人，性格温柔善于包容，以耐心引导养女的异常特质，擅长通过肢体接触传递母爱，能精准把握克莉榭的情感开关，具有将生活仪式赋予魔法寓意的浪漫情怀，用弦月为养女命名寄托着对非人少女获得人性情感的期许"
        }
      ],
      "New proper noun": [],
      "Summary": "本次总结：通过月光下命名由来的揭秘与祝福仪式的描绘，在母女温情互动中深化克莉榭非人特质与人性情感的矛盾，以弦月意象隐喻其残缺却璀璨的存在本质，借魔法仪式暗示未来情感觉醒的可能，于星辰私语间完成对少女命运的双重预言。",
      "timestamp": "2025-03-11T09:50:09.494558"
    },
    {
      "range": "472",
      "type": "translating",
      "status": "written",
      "translate": {
        "460": "「母亲大人，不用每次都这么叮嘱克莉榭啦——」",
        "461": "「我就是忍不住要担心嘛。来，把双手举起来」",
        "462": "克莉榭依言举起双手，格蕾丝将长袍从头顶轻轻罩下，递来贴身衣物时在她额间落下轻吻。",
        "463": "「为人父母就是这样的呀，乖乖接受这份关爱吧」",
        "464": "「呜——知道啦……」",
        "465": "克莉榭虽噘起樱唇，仍乖乖待格蕾丝整装完毕，立即挽住母亲的手臂。",
        "466": "十指相扣间，无需言语便相视而笑。",
        "467": "周而复始的日常虽偶有微词，却始终流淌着静谧的温馨。",
        "468": "清贫岁月里充盈着丰盈的爱意，被双亲宠溺的日子令她从未心生疑虑。",
        "469": "克莉榭朦胧地以为，这般时光将会永远持续下去。",
        "470": "「该回去了，总让戈尔卡孤零零等着也太可怜了」",
        "471": "「好」",
        "472": "然而她不曾知晓，这竟是与家人在村落共度的最后一个黄昏。"
      },
      "New Character": [],
      "Character changing": [],
      "New proper noun": [],
      "Summary": "本次总结：通过母女更衣场景的温情互动，在琐碎日常中铺垫悲剧伏笔，于更衣时节的亲昵絮语与十指相扣的默契间，将家庭羁绊推向极致，最终以平静笔触预言日常崩解的必然，形成纯白日常与黑暗命运的诗意对冲。",
      "timestamp": "2025-03-11T10:00:09.494558"
    },
    {
      "range": "189",
      "type": "translating",
      "status": "written",
      "translate": {
        "151": "\"……克莉榭的厨艺真是了得呢\"",
        "152": "\"欸嘿嘿……\"",
        "153": "被轻抚头顶的克莉榭绽开笑靥。",
        "154": "接着蹭进格蕾丝怀中紧紧抱住，将脸颊贴在她胸前。",
        "155": "方才杀人的事早已从脑海中消散殆尽。",
        "156": "此刻依偎在母亲怀中的，不过是个符合年龄的普通少女。",
        "157": "——这已是第三个。",
        "158": "早在本日之前，已有两名同龄孩童命丧克莉榭之手。",
        "159": "对克莉榭而言，抹杀令自己不快之人不存在任何心理障碍。",
        "160": "只是基于村庄共同体的规则不能杀人所以才需要隐瞒。",
        "161": "将杀戮作为解决方案这件事本身毫无矛盾感。",
        "162": "令她不快者存在本身即构成不快。",
        "163": "杀人既不会痛也不会痒。",
        "164": "既然如此，除掉就能保持心情舒畅，更不必再相见。",
        "165": "这般极端短视且自我中心的思考模式。",
        "166": "拥有卓越智慧却缺失共情能力的心灵。",
        "167": "这正是克莉榭与生俱来的重大缺陷。",
        "168": "不过她并非以杀人为乐的愉悦犯。",
        "169": "只要剔除那份独特的伦理观差异，她的感官体验与常人并无不同。",
        "170": "对教导村规民约、以父母身份庇护自己的双亲，她确实抱有近似爱意的情感，也愿意为之倾注心力。",
        "171": "\"母亲大人，还有其他需要帮忙的吗？\"",
        "172": "——利益与损益。",
        "173": "她总是以得失利弊来衡量世间万物。",
        "174": "认为对施惠者予以回报天经地义，故而愿为养育自己的双亲竭尽所能。",
        "175": "如此这般在心中维持着损益的天平。",
        "176": "这种近似子女亲情的反应模式，使她在接收关爱时能展现出率真纯粹的特质。",
        "177": "将回应期待视为义务且不辞辛劳的她，反而比寻常孩童更勤劳善良——俨然是理想中的完美女儿。",
        "178": "\"这个嘛……打扫和洗衣都做完了呢……\"",
        "179": "面对这样的克莉榭，环顾整洁房间的格蕾丝露出为难神色。",
        "180": "行李收纳齐整，空气清新流动。"
      },
      "New Character": [],
      "Character changing": [
        {
          "name": "クリシェ",
          "describe": "银发紫眸的绝美少女，被猎户收养后通过精湛厨艺赢得村民好评，具有将杀戮与烹饪等同视之的异常认知，表面维持着模范养女的伪装，实则通过利害计算维系人际关系，其温柔举止本质是维持生存环境的策略性行为，展现出通过视觉观察即可完美复现复杂技艺的超常学习能力，潜藏着与优雅外表不符的魔力驱动型暴食体质，唯独在养母格蕾丝面前会展露丰富的情感波动，对抽象概念与情感隐喻存在认知障碍，其名字来源于古语中象征残缺之月的\"克莉榭\"，具备极端功利主义思维模式，以损益平衡作为人际交往准则，能够模拟正常人情感反应但缺乏共情基础。"
        }
      ],
      "New proper noun": [],
      "Summary": "本次总结：通过母女互动展现克莉榭在家庭温情表象下基于利益计算的杀人逻辑，以理性化措辞解构其反社会人格特质，同时在打扫场景中强化模范养女形象与内在认知扭曲的戏剧反差。",
      "timestamp": "2025-03-12T18:05:50.271266"
    },
    {
      "range": "189",
      "type": "translating",
      "status": "written",
      "translate": {
        "181": "整个房间洁净异常，既无尘埃也无污渍，贴身衣物都整齐地晾晒在屋外。",
        "182": "\"唉……真是的。你省心过头了，反倒像我在受你照顾呢。为什么能成长得这么优秀啊。\"",
        "183": "格蕾丝苦笑着再次抚摸克莉榭的头顶。",
        "184": "克莉榭舒展笑颜眯起眼睛，将身体贴得更紧。",
        "185": "\"离日落还有段时间，去玩会儿吧。\"",
        "186": "\"……好的。\"",
        "187": "少女细细品味着这份温暖，挂着静谧的微笑点头，用脸颊轻轻磨蹭母亲的肌肤。",
        "188": "她无疑是毋庸置疑的异常存在。",
        "189": "然而此刻依偎在此的，确实是如假包换的寻常少女模样。"
      },
      "New Character": [],
      "Character changing": [],
      "New proper noun": [],
      "Summary": "本次总结：通过极致的洁净场景与母女依偎的温馨画面，强化克莉榭将家务与杀人皆视为清洁作业的异常认知，在外表纯真的少女形象与\"异常存在\"的实质间形成尖锐对立，暗示其病态心理已完美融入日常表象。",
      "timestamp": "2025-03-12T20:00:48.102454"
    },
    {
      "range": "219",
      "type": "translating",
      "status": "abandoned",
      "translate": {
        "190": "少女的日常",
        "191": "——木质的弧度、弓弦的张力、风的流动。",
        "192": "她静静感受着这些要素，从容舒展身体。",
        "193": "并非依赖蛮力，而是将意识贯注于周身流转的无形之力。",
        "194": "这种没有实体、被称作魔力的力量，在克莉榭的感知中如同\"绵软之物\"。",
        "195": "无需牵动肌肉，仅凭魔力操控四肢，身躯宛如提线木偶。",
        "196": "模仿记忆中顶尖猎人的姿态，将技艺融入身体记忆。",
        "197": "肉体僵硬或紧绷的状态，对于日常使用魔力操控身体的她而言根本不存在。",
        "198": "通过意象完美掌控全身，始终维持理想中的自我姿态。",
        "199": "这类技艺她不过修习过两三种。",
        "200": "在诞生时日都不确定的克莉榭认知里，这类事情本就无关紧要。",
        "201": "克莉榭的肉体虽如外表般稚嫩纤弱，但凭借魔力操控竟能发挥出接近——甚至超越成年人的力量。",
        "202": "即便是孩童难以驾驭的长弓，在她手中也能操控自如。",
        "203": "捕捉草木摇曳与风声微动。",
        "204": "在延展的时光中锁定目标，屏息凝神。",
        "205": "刹那寂静——弓弦破风之声骤然响起。",
        "206": "离弦之箭没入灌木丛，传来夺取生命的闷响。",
        "207": "无需确认便知命中，她走近被贯穿脖颈的野兔，漠然注视着抽搐挣扎的身躯。",
        "208": "抓起兔腿走向溪边，倒提猎物用小刀割开喉管。",
        "209": "心脏泵出的血液汩汩涌出，将地面染成暗红斑驳。",
        "210": "\"嗯，状态正好\"",
        "211": "迅速放血是保持肉质鲜美的诀窍——否则腥味就会渗入肌理。",
        "212": "克莉榭利落地取出绳索，将兔腿捆在树上倒吊悬挂。",
        "213": "随着时间流逝，痉挛渐弱终至静止。",
        "214": "正当她茫然凝视生命消逝的过程时，背后传来脚步声。",
        "215": "\"......克莉榭，在做什么？\"",
        "216": "\"父亲大人，祖父大人\"",
        "217": "从灌木丛现身的两个男人。",
        "218": "蓄着络腮胡的高瘦男子是戈尔卡。",
        "219": "这位年轻猎户的领袖、克莉榭的养父，乃是统率村中狩猎队伍的一流好手。"
      },
      "New Character": [],
      "Character changing": [
        {
          "name": "ゴルカ",
          "describe": "克莉榭的养父，蓄络腮胡的高瘦猎手，村中年轻一代猎人领袖，与年长猎人组成固定狩猎搭档，威严气质下隐藏着对家庭表象的维护，因发现养女异常才能而产生认知动摇，在狩猎技艺上具有顶尖实力"
        }
      ],
      "New proper noun": [],
      "Summary": "本次总结：通过克莉榭狩猎场景的精密描写，展现其运用魔力替代肉体机能的异常战斗方式，在行云流水的动作描写中植入机械般精准的杀戮流程，以处理猎物的冷静工序呼应前文\"将杀戮视作日常清洁\"的病态认知。",
      "timestamp": "2025-03-12T23:30:00.272597"
    },
    {
      "range": "249",
      "type": "translating",
      "status": "abandoned",
      "translate": {
        "220": "另一人则是格蕾丝的父亲——克莉榭的祖父加仑。",
        "221": "历经七次从军，曾官至百夫长的村中英雄。",
        "222": "斑白乱发不修边幅的仪容与这般经历相得益彰。",
        "223": "虽萦绕着令人难以接近的气场，却对克莉榭极尽溺爱，事无巨细操持照料的老者。",
        "224": "克莉榭对这位祖父也格外亲近。",
        "225": "村中猎人惯常两人组队行动，戈尔卡亦遵循传统，与既是格蕾丝之父又是自己师傅的加仑共同狩猎。",
        "226": "今日同样收获颇丰的二人，正用木杠扛着捆好的野猪归来。",
        "227": "三支箭矢深嵌猎物体内，想来颇费了番功夫。",
        "228": "膘肥体壮的野猪堪称上等猎物。",
        "229": "\"嘿嘿，在练习射箭呢。克莉榭想着要是学会狩猎，叔叔们就能轻松些了\"",
        "230": "少女以\"事实胜于雄辩\"的姿态宣告道。",
        "231": "这番说辞正确却不够坦诚。",
        "232": "实则是克莉榭嫌锅肴荤腥不足，又不愿落下贪嘴的名声。",
        "233": "坚持宣称这只是射术修习，猎兔不过是顺手为之。",
        "234": "克莉榭以自我为中心，自尊心极强且追求完美。",
        "235": "她总将仪容打理得纤尘不染，人前恪守礼节规范，对于村中推崇的美德不吝践行。",
        "236": "其本质源于\"理当比他人优秀\"的傲慢信念，以及根植骨髓的强烈审美意识。",
        "237": "在她眼中，受原始欲望与情感支配恰是愚昧的明证。",
        "238": "秉持\"理当展现理性姿态\"信条的克莉榭看来，难以抑制的食欲实属粗鄙——是阻碍理想自我的致命缺陷与耻辱。",
        "239": "虽说克莉榭毕竟也是凡人——偶尔放纵未尝不可？既然难以忍耐又何须苛责？这般念头亦会在心头掠过。",
        "240": "然而或许正是悲剧所在——",
        "241": "这颗缺失了某些人性齿轮的脑袋，偏偏具备极强的自我审视能力。",
        "242": "克莉榭的客观理性绝不容忍这等细微缺陷。",
        "243": "\"那个...练着练着刚好有兔子经过...就想试试身手。叔叔们每天狩猎这么辛苦，偶尔也该...该多吃点肉补补身子...\"",
        "244": "——克莉榭才不是贪吃鬼，是在为全家人努力哦。",
        "245": "绝非受食欲驱使，全是为体贴养父母着想。",
        "246": "虽然挺着胸膛辩解，内心却明白这番行径不够体面，最终吐露的不过是些拙劣托辞。",
        "247": "\"总、总之，克莉榭只是想帮叔叔们的忙嘛！\"",
        "248": "即便如此，在她看来这已是完美的理论武装。",
        "249": "自信满满地认定如此便不会被当作馋嘴丫头。"
      },
      "New Character": [],
      "Character changing": [
        {
          "name": "ガーレン",
          "describe": "[固定描述:克莉榭的祖父]斑白乱发的退役老兵，曾七度从军晋升至百夫长，外表冷峻但对孙女极度溺爱，日常不修边幅却事无巨细照料克莉榭，具备传统猎人的严谨作风"
        }
      ],
      "New proper noun": [],
      "Summary": "本次总结：通过克莉榭与祖父、养父的互动，揭示其用完美主义姿态包装原始食欲的心理机制，在优雅举止与饕餮本性的矛盾中深化人物内在冲突，展现在理性外衣下挣扎的异常人格特质。",
      "timestamp": "2025-03-13T06:49:48.375594"
    },
    {
      "range": "249",
      "type": "translating",
      "status": "abandoned",
      "translate": {
        "220": "另一人则是格蕾丝的父亲——即克莉榭的祖父加仑。",
        "221": "这位历经七次从军、曾官至百夫长的村庄英雄。",
        "222": "斑白乱发与沙场历练相互交织。",
        "223": "浑身散发着生人勿近的气场，却对克莉榭百般溺爱，总爱围着孙女打转的慈祥老人。",
        "224": "克莉榭也格外亲近这位祖父。",
        "225": "这个村落的猎人通常两人组队行动，戈尔卡也不例外，总是与既是格蕾丝父亲又是自己师父的加仑共同狩猎。",
        "226": "今日似乎也颇有收获的二人，正用木棍扛着捕获的野猪。",
        "227": "箭矢足足刺中三处，想来颇费了番功夫。",
        "228": "野猪膘肥体壮，堪称上等猎物。",
        "229": "「嘿嘿，我在练习射箭呢。想着要是克莉榭也能打猎，叔叔们就能轻松些啦」",
        "230": "少女仿佛在用眼神强调\"正如所见\"般解释道。",
        "231": "这说辞正确却不够精准。",
        "232": "实则是觉得锅里的食材略显单薄才想加点肉食，但绝不愿被视作贪嘴。",
        "233": "必须强调这仅仅是弓术练习，顺手猎兔不过是附带成果。",
        "234": "克莉榭自我中心且自恋倾向严重，理想主义近乎苛刻。",
        "235": "她坚持保持仪容整洁，人前恪守礼节规范，对村庄推崇的美德总是不遗余力。",
        "236": "支撑这一切的，是\"自己理应比他人更优秀\"的傲慢观念与极致美学追求。",
        "237": "对这样的她而言，被原始欲望或情绪支配恰是愚昧的铁证。",
        "238": "必须展现理性不受动摇的姿态——因此难以克制的食欲，在她看来正是玷污理想自我的致命污点。",
        "239": "当然克莉榭也明白自己是人类——些许放纵未尝不可，情难自禁也情有可原。",
        "240": "但堪称悲剧的是——",
        "241": "这颗在人性关键处松懈的头脑，偏偏具备审视自我的绝对理性。",
        "242": "那份严苛的客观性，容不得自身存在任何瑕疵。",
        "243": "「就、就是练习的时候，碰巧有野兔经过......觉得机会难得就试试手。那个......想着叔叔们每天打猎这么辛苦，偶、偶尔也该多吃点肉补补身子......」",
        "244": "——克莉榭绝非贪吃，这是在为大家谋福祉。",
        "245": "绝没有被食欲牵着鼻子走，全是为关照养父母的孝心。",
        "246": "虽挺胸说着冠冕堂皇的说辞，心底却明白自己在找借口，最终吐露的不过是些拙劣的托词。",
        "247": "「总、总之，克莉榭是想帮叔叔们的忙！」",
        "248": "但这在她看来已是完美的逻辑武装。",
        "249": "自信满满地认定这样绝不会暴露贪吃本性。"
      },
      "New Character": [],
      "Character changing": [
        {
          "name": "クリシェ",
          "describe": "新增性格特质：具有将食欲视为理性缺憾的认知矛盾，在自我呈现时构建精密逻辑防御机制，通过冠冕堂皇的说辞掩饰真实动机，展现出完美主义与实用主义交织的行为模式"
        },
        {
          "name": "ガーレン",
          "describe": "新增形象细节：退役老兵形象通过斑白乱发与冷峻气质强化，对孙女的溺爱表现为主动关照的慈祥举止，与战场英雄的身份形成反差萌"
        }
      ],
      "New proper noun": [],
      "Summary": "本次总结：通过克莉榭以弓术练习为借口掩饰食欲的心理活动，揭示其病态完美主义与原始欲求的激烈冲突；祖孙互动场景在温情表象下，暗含少女用理性建构的理想人格与真实自我的割裂。",
      "timestamp": "2025-03-13T06:56:48.988755"
    },
    {
      "range": "279",
      "type": "translating",
      "status": "abandoned",
      "translate": {
        "250": "「呵呵，知道啦知道啦。真是个孝顺的好孩子」",
        "251": "祖父加仑对着这样的克莉榭露出苦笑。",
        "252": "大人们自然不可能被这种借口蒙骗，只是觉得她拼命找理由的模样有趣，才任其发展。",
        "253": "每当此时，她始终未能真正领会那些苦笑背后暗藏的深意。",
        "254": "「嗯嘿嘿，是呀」",
        "255": "浑然不觉大人们的心思，克莉榭绽开笑容以为借口成功过关。",
        "256": "加仑一如往常地笑着打量孙女，顺手抄起克莉榭自制的弓端详——而另一侧的养父戈尔卡却僵在原地，面露迟疑。",
        "257": "他仿佛陷入深思般，用近乎畏缩的语气发问：",
        "258": "「……这兔子，是克莉榭打的？」",
        "259": "「是的。现在正在放血处理」",
        "260": "闻言他皱起眉头，定睛凝视少女。",
        "261": "「谁教你的？我应该没传授过才对......」",
        "262": "「......？克莉榭看过父亲演示过好几次」",
        "263": "面对微微偏头困惑的少女，戈尔卡喃喃道\"这怎么可能\"。",
        "264": "他确实曾数次当着克莉榭的面拉弓射箭。",
        "265": "但仅此而已。",
        "266": "从未想过要教她狩猎技艺。",
        "267": "毕竟克莉榭是女儿身，本就不可能成为猎人。",
        "268": "「虽然只是模仿，可能还不及父亲您。嗯嘿嘿，不过克莉榭已经能让箭笔直射中目标啦」",
        "269": "视线扫过被一箭贯穿咽喉的野兔尸体。",
        "270": "作为顶尖猎人的戈尔卡无需亲眼目睹射杀过程。",
        "271": "单凭分毫不差的入箭角度与深度，就足以判断其技艺水准。",
        "272": "正因如此，内心才愈发震颤。",
        "273": "「......仅仅观摩数次」",
        "274": "戈尔卡早知养女具备骇人的学习能力。",
        "275": "但亲眼见证自己穷尽半生磨砺的技艺被轻易复刻，恐惧的萌芽悄然攀上心头。",
        "276": "恐怕克莉榭已将那些\"偶然得见的弓术\"深烙脑海，在不知不觉间化为己用。",
        "277": "戈尔卡射箭时的步法、呼吸节奏、持弓姿势——所有细节仅凭数次观察便被完美解析，彻底掌握其中精髓。",
        "278": "这具娇小身躯里寄宿的，是堪称异常的智慧与才能。",
        "279": "纵使早有认知，内心翻涌的波澜依旧难以平息。"
      },
      "New Character": [],
      "Character changing": [],
      "New proper noun": [],
      "Summary": "本次总结：通过戈尔卡发现克莉榭异常才能时的心理冲击，揭示其超越常识的学习能力对传统猎人认知体系的颠覆，在养父动摇的视角下强化主人公非人特质的暗示，为家庭关系埋下认知裂缝的伏笔。",
      "timestamp": "2025-03-13T07:03:17.987779"
    },
    {
      "range": "502",
      "title": "賊502",
      "type": "translating",
      "status": "abandoned",
      "translate": {
        "473": "盗贼",
        "474": "村外草原上的训练场应该就是为此而设的。",
        "475": "缠着布条的圆木桩矗立其间，周围聚集着数名少年与成年男子。",
        "476": "在这座被称作训练场的场所，传授着实战剑术与枪法。",
        "477": "尽管有纳税的王国存在，但危急时刻能保护自身的唯有自己。",
        "478": "王国虽会预防性清剿盗匪，却也无法完全遏制其肆虐。",
        "479": "某村遭袭之类的传闻时有耳闻，为此做好防备自是理所当然。",
        "480": "由退伍士兵组成的自卫团将安保工作纳入村庄正式体系，绝非临时应对之策。",
        "481": "这些军旅出身者常以自卫团成员身份，代替狩猎采矿等活计，向村民传授剑术。",
        "482": "剑术训练采取男子全员参与、女子自愿参加的形式，而克莉榭自然位列其中。",
        "483": "唯有自身力量才能守护性命——这在克莉榭看来是天经地义的真理。",
        "484": "格蕾丝虽曾反对，但考虑到克莉榭的容貌，戈尔卡与加仑最终忧心忡忡地同意她学习防身术——如今已无人对她参与训练置喙。",
        "485": "皆因众人已明了她身负超凡的剑术才能。",
        "486": "围成圆阵的人群中央，伫立着银发少女与白发老者。",
        "487": "风切声连绵不绝，却始终听不到木剑相击的铿锵之音。",
        "488": "两人的木剑既未触及对方身体，甚至不曾相互交击，唯有撕裂空气的锐响层层叠叠。",
        "489": "「啧......」",
        "490": "与克莉榭对峙的老者扎尔曾在军中服役多年，在体力衰退前担任新兵训练教官。",
        "491": "他出身重视单兵作战的轻装步兵队，实力自然过硬。",
        "492": "虽不及从士卒晋升至百夫长的英雄加仑，但在这村庄确是仅次于他的第二高手。",
        "493": "此刻这位老将，正因眼前少女的异常表现而战栗。",
        "494": "扎尔修习的是战场剑术。",
        "495": "剑锋时而为盾，以蛮力压制，破敌架势后施以致命一击。",
        "496": "这正是极端追求实战的凶悍技法。",
        "497": "历经无数生死淬炼的剑技，蕴含着绝非花架子的厚重威压。",
        "498": "纵使体力衰退，剑术造诣却未减分毫——然而克莉榭却游刃有余地闪避着所有攻势。",
        "499": "以克莉榭的年龄而言，她的体格本就娇小轻盈，本无需刻意击打身体。",
        "500": "只需弹开木剑便可决出胜负。",
        "501": "木剑若遭格挡，轻巧身躯必然失衡倾倒。",
        "502": "比起突破剑围直取要害，击溃对手架势更为稳妥——这正是扎尔所习剑术的精髓所在。"
      },
      "New Character": [
        {
          "name": "ザール",
          "translation": "扎尔",
          "describe": "退役老兵，曾担任新兵训练教官，修习实战型战场剑术，现为村庄自卫团剑术指导，冷峻面容下隐藏着对异常才能的敬畏"
        }
      ],
      "Character changing": [],
      "New proper noun": [
        {
          "name": "戦場剣術",
          "translation": "战场剑术",
          "describe": "强调实战性的凶悍技法，以破坏对手架势为核心，融合盾击与力量压制的复合型战斗体系"
        }
      ],
      "Summary": "本次总结：通过克莉榭与退役军官的剑术对决，展现其超越常理的战斗天赋，在木剑交错的无声攻防间，以老者战栗反应反衬少女异常性，同时铺陈村庄自卫体系与盗贼威胁的时代背景，强化日常训练与残酷现实的表里对照。",
      "timestamp": "2025-03-13T08:21:07.593904"
    },
    {
      "range": "502",
      "title": "賊",
      "type": "translating",
      "status": "abandoned",
      "translate": {
        "473": "盗贼",
        "474": "村外草原上的训练场里",
        "475": "缠着布条的圆木桩深深夯入地面，周围聚集着少年们和几名成年男子。",
        "476": "在这个被称为训练场的地方，传授着实战用的剑术与枪术。",
        "477": "虽说有收税的国家存在，但危急时刻能保护自身的唯有自己。",
        "478": "国家虽会预防性剿灭盗贼，却也无法完全遏制所有劫掠。",
        "479": "某处村落遭袭之类的传闻屡见不鲜，为此做好防备自是理所当然。",
        "480": "以退伍士兵为主组建的自卫团，将安保作为村中正式工作而非副业。",
        "481": "从军归乡者大多担任自卫团员，代替打猎采矿的活计，负责教导村民剑术。",
        "482": "在男子全员参与、女子自愿参加的剑术训练中，克莉榭理所当然地参与其中。",
        "483": "危难时刻唯有依靠自身力量——这在克莉榭看来是理所当然的认知。",
        "484": "格蕾丝虽曾反对，但考虑到克莉榭的容貌，戈尔卡与加仑最终同意她学习防身术。如今再无人对她参加训练置喙。",
        "485": "只因众人皆已明白，她拥有超凡脱俗的剑术才能。",
        "486": "围成圆圈的人群中央，伫立着银发少女克莉榭与一位老者。",
        "487": "破风声此起彼伏，却始终不曾响起木剑相击的碰撞声。",
        "488": "两人挥出的木剑既不触及对方身体，甚至不曾相互交击，唯有撕裂空气的锐响层层叠叠。",
        "489": "「唔......」",
        "490": "与克莉榭对峙的老者——扎尔，是位在军中服役多年，直到体力衰退前都担任新兵教官的老兵。",
        "491": "作为重视单兵能力的轻装步兵出身，其剑术造诣毋庸置疑。",
        "492": "虽不及从普通士兵晋升至百夫长的英雄加仑，但确是村中公认仅次于加仑的强者。",
        "493": "此刻这位老兵，却被眼前少女的异常所震慑。",
        "494": "扎尔修习的是战场剑术。",
        "495": "以剑为盾压制对手，破坏平衡后给予致命一击。",
        "496": "乃是极尽实战之能的凶悍技法。",
        "497": "历经无数杀戮淬炼的技艺，绝非花拳绣腿可比拟。",
        "498": "纵使体力衰退，剑技依旧凌厉——然而克莉榭却从容避开了所有攻势。",
        "499": "以少女的年龄而言，克莉榭的体型本就娇小轻盈，本无需刻意击打身体。",
        "500": "只需挑飞木剑便可结束战斗。",
        "501": "若木剑被弹开，那轻巧身躯必然失衡倒地。",
        "502": "比起突破剑围攻击本体，这显然更为稳妥——而扎尔的剑术精髓正是破坏对手架势予以致命打击。"
      },
      "New Character": [
        {
          "name": "ザール",
          "translation": "扎尔",
          "describe": "退伍老兵，曾在军中担任新兵教官，修习实战派战场剑术，现为村中自卫团剑术指导，实力仅次于百夫长加仑"
        }
      ],
      "Character changing": [],
      "New proper noun": [
        {
          "name": "木剣",
          "translation": "木剑",
          "describe": "训练用木质兵器，通过布条缠绕增加缓冲，用于模拟实战又不致重伤"
        }
      ],
      "Summary": "本次总结：通过老兵扎尔与克莉榭的剑术交锋，在木剑破空声中展现少女超越常理的战斗天赋，以老兵震颤反衬其非人特质，于实战剑术与诡异身法的碰撞间揭示克莉榭机械般精准的战斗本能，为后续非人本质的揭露埋设视觉化伏笔。",
      "timestamp": "2025-03-13T08:53:40.370988"
    },
    {
      "range": "502",
      "title": "賊",
      "type": "translating",
      "status": "written",
      "translate": {
        "473": "盗贼",
        "474": "村外草原上设有训练场地",
        "475": "裹着布条的圆木桩被深深钉入地面，周围聚集着数名少年与成年男子",
        "476": "这个被称为训练场的地方传授实战剑术与枪术",
        "477": "虽然需要向国家缴纳税金，但危急时刻能保护自身的唯有自己",
        "478": "国家虽会定期清剿盗贼，却无法完全遏制所有劫掠",
        "479": "某村遭袭之类的传闻屡见不鲜，为此做好防范准备自是理所当然",
        "480": "以退伍士兵为核心组建的自卫团，并非临时组织而是作为正式编制融入村庄运作体系",
        "481": "这些退役军人大多担任村自卫团员，代替打猎采矿等活计，负责教导村民剑术",
        "482": "剑术训练采取男子全员参与、女子自愿参加的形式，而克莉榭却理所当然地置身其中",
        "483": "危急时刻唯有依靠自身力量——这对克莉榭而言是再自然不过的认知",
        "484": "格蕾丝最初虽持反对态度，但考虑到克莉榭的容貌特征，戈尔卡与加仑最终勉强同意其学习自卫手段。如今他们已不再对少女参与训练提出异议",
        "485": "只因众人已理解她拥有超乎常人的剑术天赋",
        "486": "围成圆阵的人群中央，银发少女克莉榭正与白发老者对峙",
        "487": "呼啸的风声此起彼伏，却听不到木器相击的碰撞声",
        "488": "两人的木剑既未触及对方身体，甚至不曾交击相碰，唯有撕裂空气的破风声层层叠加",
        "489": "「唔...」",
        "490": "与克莉榭对阵的老者扎尔曾是军中教官，在体力衰退前长期担任新兵训练工作",
        "491": "他所服役的轻装步兵部队重视单兵能力，剑术造诣自然不凡",
        "492": "虽不及从士兵晋升至百夫长的勇士加仑，但在村中实力仅次于这位传奇人物",
        "493": "此刻这位老练的剑士，却因眼前少女的异常表现而战栗",
        "494": "扎尔修习的是战场剑术",
        "495": "以剑为盾压制对手，破坏架势后给予致命一击",
        "496": "这是极端注重实战的凶悍技法",
        "497": "历经无数生死淬炼的技艺，绝非花拳绣腿能比拟的厚重存在",
        "498": "纵使体力衰退，剑技依然凌厉——然而克莉榭却轻描淡写地闪避着所有攻势",
        "499": "少女的体型本就娇小轻盈，本无需刻意击打身体",
        "500": "只需弹开木剑便可结束比试",
        "501": "若木剑遭弹击，那轻盈身躯必然失衡倒地",
        "502": "相较于突破剑围攻击本体，破坏架势更为稳妥——这也正是扎尔所习剑术的精髓所在"
      },
      "New Character": [],
      "Character changing": [],
      "New proper noun": [],
      "Summary": "本次总结：通过剑术训练场景的精密描写，展现克莉榭超越常理的战斗天赋，在老兵扎尔的战场剑术压制下，以无接触闪避构建起异常战斗美学，于木剑破风声与失衡战术中暗喻非人感知系统，强化其机械性战斗本能与人性化情感缺失的戏剧张力。",
      "timestamp": "2025-03-13T12:18:44.263155"
    },
    {
      "range": "532",
      "title": "賊",
      "type": "translating",
      "status": "written",
      "translate": {
        "503": "扎尔将毕生所学尽数施展，与眼前的少女展开对峙。",
        "504": "——然而无论怎样渴望交锋，他连兵器相击的机会都无法获得。",
        "505": "这种徒劳的攻防让扎尔回想起新兵时期接受教官指导的往事，此刻体会到的却不是焦虑，而是更深层的恐惧。",
        "506": "多次与克莉榭交手的扎尔，早已明白这少女绝非寻常女子。",
        "507": "但当十二三岁的少女用身体力行展现着将曾是精锐士兵的自己玩弄于股掌间的实力时，心中涌起的与其说是赞叹，不如说是战栗。",
        "508": "在旁人眼中，或许会认为自己在放水。",
        "509": "孩童体型的克莉榭在攻击范围和剑围控制上都处于劣势。",
        "510": "本该存在克莉榭绝对无法逃脱的必中距离，也早该出现她不得不举剑格挡的时机。",
        "511": "然而克莉榭的木剑总能在那些瞬间以精妙绝伦的反击进行牵制。",
        "512": "那是种在动作发动的起始阶段，就迫使扎尔不得不选择闪避的致命突刺。",
        "513": "不守反攻，以进为退化解敌袭。",
        "514": "克莉榭通过封杀扎尔所有杀招，彻底封锁了老兵的移动空间。",
        "515": "在围观者看来，不过是扎尔不断闪避剑锋，而克莉榭持续挥剑追击。",
        "516": "俨然是指导者与被指导者的常规姿态。",
        "517": "但扎尔心知肚明，真实情况恰恰相反——只要克莉榭愿意，胜负瞬间便能见分晓。这种败北的确信如铅块般沉在心头。",
        "518": "少女时而左右换手持剑，时而变换架势。",
        "519": "那杂耍般的身法甚至带着舞蹈般的韵律美。",
        "520": "看似杂乱无章却行云流水，堪称千变万化的剑技中，每次变化都指向终结对手的最短路径。",
        "521": "高效而冷静，如同用剑尖轻巧拨弄对手性命。",
        "522": "这看似无序的剑术实则是纯粹追求合理性的独特流派。扎尔见证过它是如何从稚嫩雏形进化到如今形态。",
        "523": "克莉榭的剑技只在最初短暂显露过青涩，此后连成年人都畏惧与她对练——毕竟谁都不愿败给不满十岁的少女。",
        "524": "这份才能已超越天赋范畴，属于扎尔认知框架外的异常存在。",
        "525": "最令扎尔胆寒的，是那双无机质般凝视着自己的紫罗兰瞳孔。",
        "526": "仿佛能洞悉他肌肉的细微颤动、身体的僵硬征兆，乃至思维流动的魔性之瞳。",
        "527": "如同被蛇盯住的青蛙，从骨髓深处渗出面对绝对强者时的无力感。",
        "528": "——到此为止。",
        "529": "扎尔后撤一大步垂下木剑。",
        "530": "「……到此为止。我这把老骨头撑不住了。」",
        "531": "老兵大口喘着粗气宣布停战。",
        "532": "只是双颊微染绯红的克莉榭面无表情地躬身行礼。"
      },
      "New Character": [],
      "Character changing": [],
      "New proper noun": [],
      "Summary": "本次总结：通过扎尔与克莉榭的剑术对决，在精妙攻防间展现少女超越物理法则的战斗本能，以老兵认知崩坏反衬其非人特质，通过紫瞳洞察与机械式剑技的细节刻画，深化克莉榭作为异常存在的形象塑造。",
      "timestamp": "2025-03-13T13:19:57.396869"
    }
  ],
  "Long_term_summary_table": [
    {
      "title": "頭のおかしな少女",
      "type": "title_lv1",
      "start_id": 1,
      "end_id": "189",
      "summary": "\n\n《頭のおかしな少女》章节通过退役士兵加罗对银发少女克莉榭的持续侵犯事件，逐步揭示出少女隐藏的致命性与异常认知体系。克莉榭在反杀施暴者过程中展现出精密战术思维与冷静的尸体处理能力，将杀戮等同于日常清洁的扭曲逻辑，源于卡尔卡村严酷生存环境与畸形家庭教育的双重塑造。养母女互动场景在温馨表象下暴露出病态心理机制——克莉榭既能完美扮演模范养女角色，又将杀人行为解构为\"打扫害虫\"的生活技艺，其旺盛食欲与料理天赋构成异常人格的隐喻载体。最终在极致洁净的居家场景中，纯真少女形象与反社会实质形成尖锐对立，暗示其病态认知已深度融入乡村日常的肌理之中。"
    }
  ]
}