{
  "translation_table": [
    {
      "name": "クリシェ",
      "translation": "克莉榭",
      "describe": "幼年遭贵族遗弃的银发少女，被戈尔卡夫妇收养后逐渐显露聪慧天性，贪食属性与社交障碍形成反差萌点，其贵族出身猜测与村中流言共同塑造生存困境",
      "appearances": [
        "頭のおかしな少女",
        "少女の日常",
        "賊",
        "崩壊",
        "彼女の誤算",
        "理不尽",
        "旅立ちと屋敷"
      ],
      "locked": false
    },
    {
      "name": "ガロ",
      "translation": "加罗",
      "describe": "退役士兵/村自卫团教官，邋遢粗野的中年男性，长期以指导为名对克莉榭进行性骚扰，现已被克莉榭伪装成事故杀害",
      "appearances": [
        "頭のおかしな少女",
        "少女の日常",
        "賊",
        "旅立ちと屋敷"
      ]
    },
    {
      "name": "自警団",
      "translation": "自卫团",
      "describe": "由退伍士兵主导组建的村庄武装组织，负责安保巡逻与战斗训练，将剑术指导纳入正式村务体系",
      "appearances": [
        "頭のおかしな少女",
        "少女の日常",
        "賊"
      ]
    },
    {
      "name": "少女の望まぬ英雄譚",
      "translation": "少女所不期望的英雄史诗",
      "describe": "本作书名",
      "appearances": [
        "頭のおかしな少女"
      ]
    },
    {
      "name": "カルカの村",
      "translation": "卡尔卡村",
      "describe": "位于边陲地区的聚落，经济支柱为岩盐开采与狩猎活动，具有典型的自给自足型社会结构",
      "appearances": [
        "頭のおかしな少女",
        "少女の日常"
      ]
    },
    {
      "name": "グレイス",
      "translation": "格蕾丝",
      "describe": "克莉榭的养母，村中第一美人，性格温柔善于包容，以超常耐心引导养女的异常特质，擅长通过肢体接触传递母爱，能精准把握克莉榭的情感开关，具有将生活仪式赋予魔法寓意的浪漫情怀，用弦月为养女命名寄托着对非人少女获得人性情感的期许，其持续不断的教化使克莉榭初步建立社会性思维，在危机时刻仍保持着用肢体语言稳定养女情绪的本能反应，面对暴徒时展现出超越本能的母性勇气，即使声音发颤仍挺身保护养女，在本能恐惧中依然选择用身体遮挡女儿，通过紧握手掌传递温度引发克莉榭的情感波动",
      "appearances": [
        "頭のおかしな少女",
        "少女の日常",
        "賊",
        "崩壊",
        "彼女の誤算",
        "理不尽",
        "旅立ちと屋敷"
      ]
    },
    {
      "name": "ゴルカ",
      "translation": "戈尔卡",
      "describe": "克莉榭的养父，蓄络腮胡的高瘦猎手，村中年轻一代猎人领袖，展现出战场指挥官应有的冷静判断力，能在生死关头精准调配战力，与旧部萨鲁巴存在深厚战友情谊",
      "appearances": [
        "頭のおかしな少女",
        "少女の日常",
        "賊",
        "崩壊",
        "彼女の誤算",
        "理不尽",
        "旅立ちと屋敷"
      ]
    },
    {
      "name": "おじいさま",
      "translation": "祖父",
      "describe": "与戈尔卡同行的年长男性，具体身份未明",
      "appearances": [
        "少女の日常",
        "崩壊",
        "理不尽"
      ]
    },
    {
      "name": "魔力",
      "translation": "魔力",
      "describe": "无形能量体，克莉榭通过意念操控用以增强身体机能，其感知形态被描述为\"绵软之物\"，在狩猎中实现远超肉体极限的精准操作",
      "appearances": [
        "少女の日常",
        "賊",
        "崩壊",
        "彼女の誤算",
        "旅立ちと屋敷"
      ]
    },
    {
      "name": "ガーレン",
      "translation": "加仑",
      "describe": "克莉榭的祖父，斑白乱发的退役百夫长，曾七度从军屡建战功，外表冷峻但对孙女极度溺爱，本段展现其试图为克莉榭开拓新人生道路的深谋远虑，以及在严肃外表下对孙女食欲的无奈妥协",
      "appearances": [
        "少女の日常",
        "賊",
        "崩壊",
        "彼女の誤算",
        "理不尽",
        "旅立ちと屋敷"
      ]
    },
    {
      "name": "百人隊長",
      "translation": "百夫长",
      "describe": "古罗马军队基层指挥官职称，文中借指加仑在军旅生涯中达到的最高职位",
      "appearances": [
        "少女の日常",
        "賊",
        "崩壊",
        "旅立ちと屋敷"
      ]
    },
    {
      "name": "魔獣",
      "translation": "魔兽",
      "describe": "栖息在森林深处的危险生物，具有超自然力量，常作为民间传说中的威胁存在",
      "appearances": [
        "少女の日常"
      ]
    },
    {
      "name": "香草",
      "translation": "香草",
      "describe": "猎人家庭常用的天然调味料，通常为干燥的百里香与迷迭香混合物，用于去除野味腥膻",
      "appearances": [
        "少女の日常"
      ]
    },
    {
      "name": "ザール",
      "translation": "萨尔",
      "describe": "退伍老兵，前军队训练教官，精于战场剑术，现为村中自卫团剑术指导者，负责中央战场的战术指挥，具备全局视野的防御专家，在遭叛徒背刺后仍试图重整防线，最终因腹部贯穿伤丧失行动能力",
      "appearances": [
        "賊",
        "崩壊"
      ]
    },
    {
      "name": "戦場剣術",
      "translation": "战场剑术",
      "describe": "源自军队实战体系的凶悍战法，强调以剑为盾压制对手，通过破坏架势实施致命打击",
      "appearances": [
        "賊"
      ]
    },
    {
      "name": "女衆",
      "translation": "女眷",
      "describe": "村中负责家务与日常事务的女性群体，常参与家长里短的闲聊传播",
      "appearances": [
        "賊"
      ]
    },
    {
      "name": "ガーラ",
      "translation": "加拉",
      "describe": "体格健硕的村妇，善用怀旧叙事缓解现实压力，通过讲述克莉榭童年轶事帮助其重建身份认同，在本段中作为流言矫正的关键证人被护卫援引，其劝解克莉榭的温情话语成为护卫们态度转变的重要参照",
      "appearances": [
        "賊",
        "崩壊",
        "彼女の誤算",
        "理不尽",
        "旅立ちと屋敷"
      ]
    },
    {
      "name": "丁稚",
      "translation": "学徒",
      "describe": "商人团队中负责通风报信的年轻联络员，昨夜趁乱逃出村庄向盗贼传递情报，目前行踪不明",
      "appearances": [
        "賊",
        "崩壊"
      ]
    },
    {
      "name": "護衛の四人",
      "translation": "四护卫",
      "describe": "商人随行的四名精锐护卫，实际是盗贼集团安插的内应，以佣兵身份主导村庄防御部署",
      "appearances": [
        "崩壊"
      ]
    },
    {
      "name": "塩の採掘",
      "translation": "盐矿开采",
      "describe": "村庄重要经济活动，多数青壮年前往的作业地点，导致当前村庄防御力量薄弱",
      "appearances": [
        "崩壊"
      ]
    },
    {
      "name": "キッダ",
      "translation": "基达",
      "describe": "向克莉榭索要水果的男孩，已抢先吃掉两个水果的顽童",
      "appearances": [
        "崩壊"
      ]
    },
    {
      "name": "皮剥き",
      "translation": "削果皮",
      "describe": "克莉榭为偷吃水果而主动承担的工作，实际成为制约其进食速度的关键环节",
      "appearances": [
        "崩壊"
      ]
    },
    {
      "name": "サルバ",
      "translation": "萨鲁巴",
      "describe": "戈尔卡的亲信战友，弓箭队成员，沉稳可靠的副手",
      "appearances": [
        "崩壊"
      ]
    },
    {
      "name": "ガド",
      "translation": "加多",
      "describe": "已死亡的盗贼成员，生前挟持格蕾丝的举动成为村民猜忌克莉榭的导火索，死后在谣言中被塑造成与格蕾丝同遭杀害的受害者，其存在成为克莉榭人性缺失论的重要佐证",
      "appearances": [
        "崩壊",
        "彼女の誤算"
      ]
    },
    {
      "name": "夜襲",
      "translation": "夜袭",
      "describe": "盗贼集团采取的夜间突袭战术，利用黑暗与火攻制造混乱的典型劫掠手段",
      "appearances": [
        "崩壊",
        "彼女の誤算"
      ]
    },
    {
      "name": "クロ",
      "translation": "克罗",
      "describe": "盗贼集团幕后主使，通过策反佣兵实施内部破坏，具有精密的情报网络与策反能力",
      "appearances": [
        "崩壊"
      ]
    },
    {
      "name": "賊の頭領",
      "translation": "贼首",
      "describe": "假扮商人的盗贼集团首领，右眼带有刀疤的中年男性，习惯用短刀实施虐杀时露出野兽般的狞笑",
      "appearances": [
        "崩壊",
        "彼女の誤算"
      ]
    },
    {
      "name": "銀髪の少女",
      "translation": "银发少女",
      "describe": "女性，拥有冰封般凝滞的表情，在惨剧现场保持异常冷静的神秘存在",
      "appearances": [
        "崩壊"
      ]
    },
    {
      "name": "カルカ",
      "translation": "卡尔卡村",
      "describe": "深藏于森林深处的偏远村落，远离主要商道，缺乏外部救援条件",
      "appearances": [
        "彼女の誤算"
      ]
    },
    {
      "name": "大井戸のある広場",
      "translation": "大井户广场",
      "describe": "村庄中心设有大型水井的集会场所，在此次袭击中成为暴徒处决村民的主要刑场",
      "appearances": [
        "彼女の誤算"
      ]
    },
    {
      "name": "行商人",
      "translation": "行商人",
      "describe": "时常造访村落的商队成员，对村落惨剧有所耳闻，面对克莉榭时流露出同情神态的中年男性商人",
      "appearances": [
        "彼女の誤算",
        "旅立ちと屋敷"
      ]
    },
    {
      "name": "知人",
      "translation": "老战友",
      "describe": "加仑军旅时期的生死之交，现居城中的可信男性，具备提供新人生选项的能力",
      "appearances": [
        "理不尽"
      ]
    },
    {
      "name": "吟遊詩人",
      "translation": "吟游诗人",
      "describe": "传播贵族家丑与传奇故事的流浪艺人，其传唱内容构成村民对上层社会的认知基础",
      "appearances": [
        "理不尽"
      ]
    },
    {
      "name": "ベリー＝アルガン",
      "translation": "贝莉·阿尔甘",
      "describe": "红发齐肩的年轻女仆，约十五六岁，仪态端庄，善于察言观色，担任宅邸接待工作",
      "appearances": [
        "旅立ちと屋敷"
      ]
    },
    {
      "name": "錬成岩",
      "translation": "合成石材",
      "describe": "通过炼金术将灰浆与石材融合制成的建筑原料，具有优异的抗风化性能",
      "appearances": [
        "旅立ちと屋敷"
      ]
    },
    {
      "name": "魔法照明珠",
      "translation": "魔法照明珠",
      "describe": "运用光属性魔晶石制成的永久性照明装置，常见于贵族宅邸的天花板装饰",
      "appearances": [
        "旅立ちと屋敷"
      ]
    },
    {
      "name": "ベリー・アルガン",
      "translation": "贝莉·阿尔甘",
      "describe": "宅邸侍女，红发齐肩的十五岁少女，待人接物体贴周到，擅长用魔法器具准备茶点，具有敏锐的观察力与亲和力",
      "appearances": [
        "旅立ちと屋敷"
      ]
    },
    {
      "name": "常魔灯",
      "translation": "常魔灯",
      "describe": "通过魔力驱动的无火照明装置，由悬浮光球构成光源，广泛应用于贵族宅邸采光不足的房间与密集城区",
      "appearances": [
        "旅立ちと屋敷"
      ]
    }
  ]
}