{
    "translation_table":
    [
        {
            "name": "John",
            "translation": "约翰",
            "type": "character",
            "description": "约翰,男性,是一个年轻的水手，他是一个勇敢的人，总是乐于助人。"
        },
        {
            "name": "Mary",
            "translation": "玛丽",
            "type": "character",
            "description": "玛丽,女性,是一个年轻的女子，她是一个聪明的人，总是乐于助人。"
        },
        {
            "name": "London",
            "translation": "伦敦",
            "type": "Proper_noun",
            "description": "伦敦,地名,是一个繁华的城市，是英国的首都。"
        },
        {
            "name": "New York",
            "translation": "纽约",
            "type": "Proper_noun",
            "description": "纽约,地名,是一个繁华的城市，是美国的首都。"
        }
    ]
}